Date,Open,High,Low,Close,Volume,OpenInterest
2017-08-17,4261.48000000,4485.39000000,4200.74000000,4285.08000000,795.15037700,0.0
2017-08-18,4285.08000000,4371.52000000,3938.77000000,4108.37000000,1199.88826400,0.0
2017-08-19,4108.37000000,4184.69000000,3850.00000000,4139.98000000,381.30976300,0.0
2017-08-20,4120.98000000,4211.08000000,4032.62000000,4086.29000000,467.08302200,0.0
2017-08-21,4069.13000000,4119.62000000,3911.79000000,4016.00000000,691.74306000,0.0
2017-08-22,4016.00000000,4104.82000000,3400.00000000,4040.00000000,966.68485800,0.0
2017-08-23,4040.00000000,4265.80000000,4013.89000000,4114.01000000,1001.13656500,0.0
2017-08-24,4147.00000000,4371.68000000,4085.01000000,4316.01000000,787.41875300,0.0
2017-08-25,4316.01000000,4453.91000000,4247.48000000,4280.68000000,573.61274000,0.0
2017-08-26,4280.71000000,4367.00000000,4212.41000000,4337.44000000,228.10806800,0.0
2017-08-27,4332.51000000,4400.00000000,4285.54000000,4310.01000000,350.69258500,0.0
2017-08-28,4310.01000000,4399.82000000,4124.54000000,4386.69000000,603.84161600,0.0
2017-08-29,4353.65000000,4625.85000000,4313.55000000,4587.48000000,603.54502800,0.0
2017-08-30,4564.52000000,4647.51000000,4416.01000000,4555.14000000,808.46877100,0.0
2017-08-31,4555.14000000,4745.42000000,4555.14000000,4724.89000000,556.95680200,0.0
2017-09-01,4689.89000000,4885.55000000,4654.88000000,4834.91000000,560.66636600,0.0
2017-09-02,4796.16000000,4939.19000000,4286.87000000,4472.14000000,929.14859500,0.0
2017-09-03,4508.50000000,4714.76000000,4298.33000000,4509.08000000,691.21619800,0.0
2017-09-04,4505.00000000,4527.49000000,3972.51000000,4100.11000000,1394.64461400,0.0
2017-09-05,4106.97000000,4484.99000000,3603.00000000,4366.47000000,1228.93815700,0.0
2017-09-06,4366.49000000,4662.87000000,4335.26000000,4619.77000000,807.36372600,0.0
2017-09-07,4619.77000000,4788.59000000,4438.19000000,4691.61000000,500.42997500,0.0
2017-09-08,4691.66000000,4735.39000000,4028.93000000,4282.80000000,1132.25504600,0.0
2017-09-09,4282.80000000,4426.62000000,4150.06000000,4258.81000000,658.78295200,0.0
2017-09-10,4258.81000000,4283.00000000,3801.00000000,4130.37000000,660.37327500,0.0
2017-09-11,4153.62000000,4334.43000000,4098.91000000,4208.47000000,699.98906500,0.0
2017-09-12,4208.60000000,4394.59000000,4040.80000000,4163.72000000,879.63031900,0.0
2017-09-13,4159.72000000,4165.38000000,3760.00000000,3944.69000000,913.46254500,0.0
2017-09-14,3944.00000000,3993.00000000,3165.13000000,3189.02000000,1665.02154300,0.0
2017-09-15,3188.01000000,3856.00000000,2817.00000000,3700.00000000,1968.86649200,0.0
2017-09-16,3674.01000000,3950.00000000,3470.66000000,3714.95000000,1297.56395300,0.0
2017-09-17,3685.23000000,3748.21000000,3499.02000000,3699.99000000,682.17121000,0.0
2017-09-18,3690.00000000,4123.20000000,3690.00000000,4035.01000000,1030.00645500,0.0
2017-09-19,4060.00000000,4089.97000000,3830.91000000,3910.04000000,902.33212900,0.0
2017-09-20,3910.04000000,4046.08000000,3820.00000000,3900.00000000,720.93507600,0.0
2017-09-21,3889.99000000,3910.00000000,3567.00000000,3609.99000000,1001.65408400,0.0
2017-09-22,3592.84000000,3750.00000000,3505.55000000,3595.87000000,838.96642500,0.0
2017-09-23,3595.88000000,3817.19000000,3542.91000000,3780.00000000,752.79279100,0.0
2017-09-24,3779.54000000,3789.99000000,3622.76000000,3660.02000000,661.63639000,0.0
2017-09-25,3660.02000000,3979.87000000,3653.69000000,3920.75000000,727.99471300,0.0
2017-09-26,3928.00000000,3976.99000000,3850.05000000,3882.35000000,526.72798700,0.0
2017-09-27,3882.36000000,4249.94000000,3872.81000000,4193.00000000,628.17096600,0.0
2017-09-28,4192.11000000,4300.00000000,4101.00000000,4174.50000000,849.78532500,0.0
2017-09-29,4178.98000000,4263.86000000,3952.01000000,4174.69000000,1602.30956500,0.0
2017-09-30,4175.00000000,4380.00000000,4138.10000000,4378.51000000,720.35318300,0.0
2017-10-01,4378.49000000,4406.52000000,4240.04000000,4378.48000000,726.96368500,0.0
2017-10-02,4400.00000000,4561.63000000,4360.00000000,4380.00000000,655.75697400,0.0
2017-10-03,4380.00000000,4467.33000000,4180.80000000,4310.00000000,1082.32356300,0.0
2017-10-04,4314.90000000,4373.00000000,4142.00000000,4208.59000000,868.46510100,0.0
2017-10-05,4208.59000000,4355.00000000,4110.00000000,4292.43000000,779.13863800,0.0
2017-10-06,4318.99000000,4417.00000000,4292.00000000,4369.00000000,506.52917600,0.0
2017-10-07,4369.00000000,4479.50000000,4312.56000000,4423.00000000,297.59750000,0.0
2017-10-08,4425.00000000,4658.00000000,4425.00000000,4640.00000000,518.46200400,0.0
2017-10-09,4640.00000000,4889.98000000,4550.00000000,4786.95000000,646.46314500,0.0
2017-10-10,4786.95000000,4960.00000000,4680.59000000,4783.06000000,1043.22177300,0.0
2017-10-11,4783.06000000,4881.61000000,4710.00000000,4821.43000000,753.42939600,0.0
2017-10-12,4821.43000000,5439.99000000,4810.16000000,5430.00000000,1276.70148200,0.0
2017-10-13,5439.99000000,5846.17000000,5379.84000000,5649.98000000,1879.82762000,0.0
2017-10-14,5650.00000000,5900.00000000,5580.01000000,5869.99000000,970.75904600,0.0
2017-10-15,5855.03000000,5922.30000000,5400.01000000,5709.99000000,1343.52337500,0.0
2017-10-16,5710.00000000,5788.91000000,5585.19000000,5760.02000000,1528.99646200,0.0
2017-10-17,5760.00000000,5774.98000000,5508.63000000,5595.00000000,1429.86937600,0.0
2017-10-18,5595.00000000,5596.00000000,5037.95000000,5512.06000000,2317.80437300,0.0
2017-10-19,5513.00000000,5710.00000000,5490.26000000,5683.90000000,1881.72210700,0.0
2017-10-20,5683.31000000,6110.00000000,5600.00000000,6010.01000000,1972.97722000,0.0
2017-10-21,6013.72000000,6171.00000000,5850.03000000,6024.97000000,1664.30769300,0.0
2017-10-22,6003.27000000,6060.00000000,5720.03000000,5950.02000000,1362.09221600,0.0
2017-10-23,5975.00000000,6080.00000000,5621.03000000,5915.93000000,1812.55771500,0.0
2017-10-24,5909.47000000,5925.00000000,5450.00000000,5477.03000000,2580.41876700,0.0
2017-10-25,5506.92000000,5704.96000000,5286.98000000,5689.99000000,2282.81320500,0.0
2017-10-26,5670.10000000,5939.99000000,5650.00000000,5861.77000000,1972.96588200,0.0
2017-10-27,5861.77000000,5980.00000000,5649.24000000,5768.83000000,1403.70641600,0.0
2017-10-28,5768.79000000,5850.02000000,5630.03000000,5719.64000000,1276.75441200,0.0
2017-10-29,5709.98000000,6189.88000000,5648.01000000,6169.98000000,1804.77817300,0.0
2017-10-30,6133.01000000,6248.68000000,6030.00000000,6120.50000000,1473.68704300,0.0
2017-10-31,6120.52000000,6498.01000000,6100.00000000,6463.00000000,1511.77492500,0.0
2017-11-01,6463.00000000,6774.67000000,6338.02000000,6753.98000000,1675.61518800,0.0
2017-11-02,6753.98000000,7300.00000000,6685.10000000,7019.98000000,2503.61080300,0.0
2017-11-03,7010.31000000,7346.34000000,6923.00000000,7115.04000000,1891.49759200,0.0
2017-11-04,7115.02000000,7480.99000000,6901.00000000,7357.09000000,1399.19176700,0.0
2017-11-05,7357.27000000,7590.25000000,7279.02000000,7345.01000000,1207.83233000,0.0
2017-11-06,7345.10000000,7401.00000000,6906.00000000,6960.12000000,1763.01926100,0.0
2017-11-07,6981.72000000,7198.49000000,6901.00000000,7064.04000000,1440.25949400,0.0
2017-11-08,7070.00000000,7770.02000000,6651.00000000,7303.00000000,2822.29880200,0.0
2017-11-09,7303.01000000,7392.00000000,7015.00000000,7079.99000000,1913.39830800,0.0
2017-11-10,7079.00000000,7279.91000000,6255.01000000,6506.98000000,3254.70410500,0.0
2017-11-11,6503.00000000,6797.98000000,6100.00000000,6245.05000000,2754.15686100,0.0
2017-11-12,6245.05000000,6630.00000000,5325.01000000,5811.03000000,4968.48306900,0.0
2017-11-13,5839.94000000,6697.47000000,5699.99000000,6465.99000000,2621.24303900,0.0
2017-11-14,6465.99000000,6684.98000000,6311.07000000,6574.99000000,1254.29253100,0.0
2017-11-15,6575.99000000,7298.00000000,6575.99000000,7240.06000000,1779.60584500,0.0
2017-11-16,7240.14000000,7940.00000000,7076.00000000,7864.50000000,2331.95675000,0.0
2017-11-17,7876.98000000,7989.00000000,7451.00000000,7699.19000000,3982.39592500,0.0
2017-11-18,7680.01000000,7819.99000000,7422.00000000,7761.94000000,3954.26647700,0.0
2017-11-19,7761.94000000,8123.15000000,7650.33000000,8038.00000000,3867.34044400,0.0
2017-11-20,8057.11000000,8319.99000000,7954.00000000,8212.00000000,3886.63434800,0.0
2017-11-21,8212.49000000,8400.00000000,7801.00000000,8119.51000000,4544.47401600,0.0
2017-11-22,8091.09000000,8322.68000000,8091.09000000,8205.92000000,3545.00571000,0.0
2017-11-23,8233.03000000,8260.00000000,8000.00000000,8019.99000000,4093.95268700,0.0
2017-11-24,8019.97000000,8369.00000000,7850.00000000,8138.00000000,4411.78911200,0.0
2017-11-25,8138.99000000,8734.78000000,8090.00000000,8700.01000000,4292.62368200,0.0
2017-11-26,8700.04000000,9350.00000000,8604.72000000,9128.02000000,4147.38023700,0.0
2017-11-27,9128.00000000,9654.28000000,9112.04000000,9650.00000000,4521.62570700,0.0
2017-11-28,9650.00000000,9939.00000000,9570.50000000,9896.80000000,4917.21098500,0.0
2017-11-29,9896.79000000,11300.03000000,8520.00000000,9687.88000000,13352.53871500,0.0
2017-11-30,9687.88000000,10900.00000000,8850.80000000,9838.96000000,9389.57432900,0.0
2017-12-01,9837.00000000,10898.00000000,9380.00000000,10782.99000000,6134.92363300,0.0
2017-12-02,10775.04000000,11190.00000000,10620.00000000,10890.01000000,4765.43975700,0.0
2017-12-03,10902.69000000,11825.00000000,10500.00000000,11165.41000000,5346.63652400,0.0
2017-12-04,11165.41000000,11600.00000000,10802.00000000,11579.00000000,4663.42456200,0.0
2017-12-05,11571.03000000,11853.00000000,11447.68000000,11699.99000000,5550.73205500,0.0
2017-12-06,11699.99000000,13615.23000000,11665.58000000,13550.05000000,6707.94631900,0.0
2017-12-07,13541.01000000,16649.96000000,13050.00000000,16599.00000000,7487.06569500,0.0
2017-12-08,16599.00000000,17204.99000000,14015.00000000,15880.00000000,17589.01313600,0.0
2017-12-09,15880.01000000,16269.30000000,12535.00000000,14656.07000000,13918.75868700,0.0
2017-12-10,14664.01000000,15720.12000000,12368.00000000,14899.98000000,16553.03717300,0.0
2017-12-11,14946.26000000,17470.00000000,14901.08000000,16587.97000000,11820.40176200,0.0
2017-12-12,16587.97000000,16976.45000000,15875.00000000,16349.99000000,9436.80241100,0.0
2017-12-13,16349.99000000,16546.00000000,14666.56000000,16033.29000000,12416.32880100,0.0
2017-12-14,16030.34000000,16445.00000000,15450.00000000,16334.98000000,11616.86715100,0.0
2017-12-15,16334.98000000,17991.00000000,16298.45000000,17539.83000000,9181.27394700,0.0
2017-12-16,17516.81000000,19539.00000000,17190.01000000,19102.66000000,4202.62870900,0.0
2017-12-17,19120.19000000,19798.68000000,18510.00000000,18860.02000000,9177.18343400,0.0
2017-12-18,18860.04000000,19300.00000000,17029.98000000,18856.25000000,10624.63307100,0.0
2017-12-19,18856.25000000,18950.00000000,16300.00000000,17295.20000000,13210.74822000,0.0
2017-12-20,17295.20000000,17720.35000000,14777.66000000,16488.98000000,13450.49669300,0.0
2017-12-21,16480.52000000,17309.50000000,14022.00000000,15492.64000000,20324.21730000,0.0
2017-12-22,15514.03000000,15699.34000000,10961.00000000,13326.61000000,36076.27117500,0.0
2017-12-23,13326.61000000,14950.00000000,12978.18000000,13300.00000000,13141.53887500,0.0
2017-12-24,13300.00000000,13819.99000000,11640.00000000,13500.00000000,28557.53498800,0.0
2017-12-25,13500.00000000,14300.00000000,12708.00000000,13699.34000000,15748.20760700,0.0
2017-12-26,13699.34000000,16050.00000000,13533.00000000,15689.01000000,15034.66810400,0.0
2017-12-27,15709.98000000,16498.05000000,14200.15000000,15459.99000000,14959.86472300,0.0
2017-12-28,15459.97000000,15539.99000000,13150.00000000,14182.11000000,21717.85801400,0.0
2017-12-29,14199.14000000,14981.00000000,13850.00000000,14378.90000000,18072.00811600,0.0
2017-12-30,14378.99000000,14398.85000000,11750.00000000,12440.01000000,19221.15803900,0.0
2017-12-31,12345.10000000,14050.11000000,12149.98000000,13716.36000000,11768.98971800,0.0
2018-01-01,13715.65000000,13818.55000000,12750.00000000,13380.00000000,8609.91584400,0.0
2018-01-02,13382.16000000,15473.49000000,12890.02000000,14675.11000000,20078.09211100,0.0
2018-01-03,14690.00000000,15307.56000000,14150.00000000,14919.51000000,15905.66763900,0.0
2018-01-04,14919.51000000,15280.00000000,13918.04000000,15059.54000000,21329.64957400,0.0
2018-01-05,15059.56000000,17176.24000000,14600.00000000,16960.39000000,23251.49112500,0.0
2018-01-06,16960.39000000,17143.13000000,16011.21000000,17069.79000000,18571.45750800,0.0
2018-01-07,17069.79000000,17099.96000000,15610.00000000,16150.03000000,12493.12555800,0.0
2018-01-08,16218.85000000,16322.30000000,12812.00000000,14902.54000000,26600.60991200,0.0
2018-01-09,14902.54000000,15500.00000000,14011.05000000,14400.00000000,14315.00425300,0.0
2018-01-10,14401.00000000,14955.66000000,13131.31000000,14907.09000000,17411.00165500,0.0
2018-01-11,14940.00000000,14968.68000000,11400.00000000,13238.78000000,33554.72375100,0.0
2018-01-12,13238.76000000,14109.78000000,12500.00000000,13740.01000000,16417.16213700,0.0
2018-01-13,13749.95000000,14580.00000000,13706.15000000,14210.00000000,12221.50852800,0.0
2018-01-14,14210.00000000,14339.50000000,12569.20000000,13474.99000000,17017.89432900,0.0
2018-01-15,13477.98000000,14249.99000000,13147.79000000,13539.93000000,14652.09470500,0.0
2018-01-16,13500.00000000,13542.93000000,9035.00000000,10900.00000000,63401.16917500,0.0
2018-01-17,10899.99000000,11680.99000000,9037.94000000,10988.79000000,72331.79664600,0.0
2018-01-18,10972.59000000,11878.82000000,10435.33000000,10961.97000000,48464.43493700,0.0
2018-01-19,10960.00000000,11795.00000000,10360.00000000,11474.98000000,34129.37542100,0.0
2018-01-20,11474.98000000,13099.00000000,11412.45000000,12799.94000000,28768.85782700,0.0
2018-01-21,12799.80000000,12799.80000000,10965.00000000,11530.00000000,41379.77342600,0.0
2018-01-22,11530.00000000,11926.35000000,9900.24000000,10760.05000000,43752.60679100,0.0
2018-01-23,10760.05000000,11399.00000000,9905.00000000,10799.18000000,37473.92255200,0.0
2018-01-24,10799.14000000,11570.48000000,10500.00000000,11349.99000000,27158.58776200,0.0
2018-01-25,11349.96000000,11794.05000000,10950.21000000,11175.27000000,20839.95418300,0.0
2018-01-26,11184.70000000,11643.00000000,10311.15000000,11089.00000000,33056.87196000,0.0
2018-01-27,11089.00000000,11650.00000000,10842.69000000,11491.00000000,18860.76834500,0.0
2018-01-28,11499.98000000,12244.00000000,11408.00000000,11879.95000000,16887.33952400,0.0
2018-01-29,11879.95000000,11975.02000000,11139.55000000,11251.00000000,14170.37753800,0.0
2018-01-30,11250.11000000,11308.42000000,9900.00000000,10237.51000000,25554.37294600,0.0
2018-01-31,10230.00000000,10425.85000000,9700.00000000,10285.10000000,18015.95680500,0.0
2018-02-01,10285.10000000,10335.00000000,8750.99000000,9224.52000000,33564.76431100,0.0
2018-02-02,9224.52000000,9250.00000000,8010.02000000,8873.03000000,49971.62697500,0.0
2018-02-03,8873.03000000,9473.01000000,8229.00000000,9199.96000000,28725.00073500,0.0
2018-02-04,9199.96000000,9368.00000000,7930.00000000,8184.81000000,32014.30844900,0.0
2018-02-05,8179.99000000,8382.80000000,6625.00000000,6939.99000000,63403.18257900,0.0
2018-02-06,6939.63000000,7878.00000000,6000.01000000,7652.14000000,100201.50030700,0.0
2018-02-07,7655.02000000,8476.00000000,7150.01000000,7599.00000000,60778.46049700,0.0
2018-02-08,7599.00000000,7844.00000000,7572.09000000,7784.02000000,1521.53731800,0.0
2018-02-09,7789.90000000,8738.00000000,7789.90000000,8683.92000000,20482.91082500,0.0
2018-02-10,8683.93000000,9065.78000000,8120.00000000,8533.98000000,49381.51265300,0.0
2018-02-11,8533.99000000,8549.00000000,7726.53000000,8063.88000000,45025.18795200,0.0
2018-02-12,8063.82000000,8989.00000000,8053.00000000,8903.00000000,41987.85049000,0.0
2018-02-13,8903.00000000,8950.00000000,8351.00000000,8539.90000000,35454.97295600,0.0
2018-02-14,8535.17000000,9489.60000000,8533.00000000,9449.99000000,40811.95286700,0.0
2018-02-15,9449.98000000,10219.50000000,9301.50000000,10000.09000000,52427.59671500,0.0
2018-02-16,10000.89000000,10323.37000000,9666.00000000,10159.98000000,38161.20597400,0.0
2018-02-17,10156.07000000,11075.07000000,10050.00000000,11039.55000000,41882.10840700,0.0
2018-02-18,11039.55000000,11274.00000000,10080.00000000,10383.43000000,61137.38072800,0.0
2018-02-19,10375.01000000,11250.00000000,10270.33000000,11153.00000000,40831.41713100,0.0
2018-02-20,11147.11000000,11786.01000000,11100.59000000,11200.99000000,48153.35428800,0.0
2018-02-21,11195.07000000,11304.03000000,10200.00000000,10437.60000000,68113.81875400,0.0
2018-02-22,10439.02000000,10933.44000000,9679.00000000,9811.04000000,67060.16648300,0.0
2018-02-23,9815.55000000,10435.00000000,9570.19000000,10131.04000000,57202.70237000,0.0
2018-02-24,10131.04000000,10496.97000000,9352.00000000,9694.51000000,40888.15629900,0.0
2018-02-25,9694.51000000,9847.00000000,9274.80000000,9590.00000000,28373.51758600,0.0
2018-02-26,9590.00000000,10444.32000000,9350.00000000,10324.00000000,34878.29275600,0.0
2018-02-27,10321.00000000,10870.00000000,10121.00000000,10569.04000000,30705.38512300,0.0
2018-02-28,10584.33000000,11098.00000000,10300.00000000,10326.76000000,30800.98378200,0.0
2018-03-01,10325.64000000,11060.41000000,10240.00000000,10920.00000000,25092.55393000,0.0
2018-03-02,10923.36000000,11200.00000000,10770.00000000,11039.00000000,23910.71009000,0.0
2018-03-03,11038.99000000,11544.00000000,11015.01000000,11464.48000000,21287.15328000,0.0
2018-03-04,11464.47000000,11565.00000000,11050.02000000,11515.00000000,17295.91865300,0.0
2018-03-05,11515.00000000,11710.00000000,11415.01000000,11454.00000000,15144.23106300,0.0
2018-03-06,11455.00000000,11455.00000000,10555.48000000,10716.48000000,29515.57236300,0.0
2018-03-07,10716.48000000,10899.00000000,9389.31000000,9910.00000000,50647.67108000,0.0
2018-03-08,9910.00000000,10099.00000000,9060.00000000,9271.64000000,41109.47322600,0.0
2018-03-09,9267.07000000,9410.00000000,8329.00000000,9227.00000000,64112.29140700,0.0
2018-03-10,9230.00000000,9490.00000000,8667.07000000,8770.22000000,37180.01285700,0.0
2018-03-11,8770.22000000,9740.00000000,8450.00000000,9533.57000000,44325.97338600,0.0
2018-03-12,9533.57000000,9888.88000000,8780.00000000,9131.34000000,42230.77793000,0.0
2018-03-13,9131.34000000,9474.00000000,8823.00000000,9150.00000000,40191.40935800,0.0
2018-03-14,9151.92000000,9333.78000000,7900.28000000,8170.00000000,49708.09410800,0.0
2018-03-15,8184.01000000,8430.00000000,7650.00000000,8240.98000000,52291.02227700,0.0
2018-03-16,8240.98000000,8611.64000000,7900.00000000,8260.00000000,38815.40989300,0.0
2018-03-17,8260.00000000,8348.62000000,7721.99000000,7824.80000000,33110.20632900,0.0
2018-03-18,7824.01000000,8317.40000000,7322.00000000,8189.99000000,59488.23171100,0.0
2018-03-19,8189.00000000,8705.23000000,8088.40000000,8600.00000000,55297.08494200,0.0
2018-03-20,8595.01000000,9050.00000000,8280.00000000,8909.98000000,44865.10583500,0.0
2018-03-21,8909.96000000,9177.01000000,8750.60000000,8885.00000000,39972.40537100,0.0
2018-03-22,8884.82000000,9100.00000000,8465.10000000,8722.90000000,40617.55680900,0.0
2018-03-23,8720.00000000,8909.00000000,8269.00000000,8898.03000000,39991.00766600,0.0
2018-03-24,8898.04000000,8999.95000000,8491.00000000,8546.86000000,35466.60957200,0.0
2018-03-25,8531.25000000,8669.85000000,8365.77000000,8470.15000000,29001.76931600,0.0
2018-03-26,8470.14000000,8514.89000000,7831.00000000,8134.23000000,44033.59566000,0.0
2018-03-27,8134.22000000,8215.94000000,7730.00000000,7795.51000000,37427.64805000,0.0
2018-03-28,7795.51000000,8109.00000000,7728.00000000,7949.30000000,26401.33167000,0.0
2018-03-29,7949.30000000,7975.00000000,6941.11000000,7090.14000000,54620.91512500,0.0
2018-03-30,7090.16000000,7292.43000000,6600.10000000,6840.23000000,65306.03197600,0.0
2018-03-31,6840.24000000,7223.36000000,6777.00000000,6923.91000000,36868.53908700,0.0
2018-04-01,6922.00000000,7049.98000000,6430.00000000,6813.01000000,44071.43046300,0.0
2018-04-02,6813.01000000,7125.00000000,6765.00000000,7056.00000000,32123.56007200,0.0
2018-04-03,7063.97000000,7520.00000000,7011.01000000,7405.21000000,37787.33181100,0.0
2018-04-04,7405.21000000,7427.52000000,6707.00000000,6796.10000000,42227.18380400,0.0
2018-04-05,6796.10000000,6902.00000000,6566.69000000,6770.76000000,39029.73146000,0.0
2018-04-06,6770.00000000,6850.00000000,6500.00000000,6601.39000000,27455.01192000,0.0
2018-04-07,6601.39000000,7070.00000000,6586.28000000,6895.80000000,32269.57826700,0.0
2018-04-08,6895.81000000,7109.13000000,6880.00000000,7018.00000000,21427.67316500,0.0
2018-04-09,7011.04000000,7185.00000000,6611.00000000,6782.72000000,34078.29720600,0.0
2018-04-10,6781.55000000,6890.00000000,6656.00000000,6843.90000000,22326.72809500,0.0
2018-04-11,6839.56000000,6990.00000000,6787.00000000,6953.79000000,23997.87117700,0.0
2018-04-12,6953.78000000,8012.23000000,6743.20000000,7923.00000000,64861.59598700,0.0
2018-04-13,7922.99000000,8233.39000000,7732.00000000,7877.41000000,55044.52314800,0.0
2018-04-14,7877.48000000,8186.00000000,7810.00000000,7999.01000000,31621.28635700,0.0
2018-04-15,8004.00000000,8429.54000000,7999.02000000,8355.00000000,27946.72044400,0.0
2018-04-16,8355.07000000,8419.00000000,7867.00000000,8064.92000000,36664.06971500,0.0
2018-04-17,8064.92000000,8173.70000000,7825.40000000,7885.02000000,32152.60356700,0.0
2018-04-18,7890.96000000,8236.43000000,7868.00000000,8173.00000000,26969.04457000,0.0
2018-04-19,8173.99000000,8296.00000000,8080.00000000,8278.00000000,27113.84746400,0.0
2018-04-20,8273.84000000,8930.00000000,8177.09000000,8856.98000000,39795.33748500,0.0
2018-04-21,8852.12000000,9035.00000000,8565.00000000,8915.31000000,40872.22990900,0.0
2018-04-22,8915.31000000,9020.67000000,8727.68000000,8787.02000000,29458.25348000,0.0
2018-04-23,8785.70000000,8985.00000000,8745.00000000,8934.01000000,25838.11470900,0.0
2018-04-24,8934.00000000,9731.01000000,8922.00000000,9619.99000000,46268.79010600,0.0
2018-04-25,9618.96000000,9759.82000000,8730.00000000,8869.99000000,81110.03758900,0.0
2018-04-26,8869.99000000,9307.48000000,8651.62000000,9266.00000000,43300.30424500,0.0
2018-04-27,9267.03000000,9395.00000000,8889.00000000,8915.35000000,37241.34703600,0.0
2018-04-28,8915.35000000,9427.48000000,8870.00000000,9348.00000000,34759.62842000,0.0
2018-04-29,9348.00000000,9570.51000000,9163.74000000,9419.00000000,38149.85003500,0.0
2018-04-30,9417.04000000,9458.64000000,9124.99000000,9246.01000000,35002.03387500,0.0
2018-05-01,9246.01000000,9248.99000000,8800.49000000,9071.48000000,41018.46363300,0.0
2018-05-02,9071.48000000,9268.00000000,8970.20000000,9247.84000000,26123.54396100,0.0
2018-05-03,9247.81000000,9844.00000000,9168.40000000,9750.00000000,38768.38828800,0.0
2018-05-04,9750.00000000,9830.04000000,9520.85000000,9713.99000000,28681.58887900,0.0
2018-05-05,9714.00000000,10020.00000000,9682.00000000,9864.00000000,24990.01834500,0.0
2018-05-06,9863.99000000,9970.00000000,9417.03000000,9659.01000000,27690.35155900,0.0
2018-05-07,9661.02000000,9689.67000000,9181.00000000,9365.00000000,33787.64001200,0.0
2018-05-08,9365.00000000,9475.70000000,9060.54000000,9187.56000000,25533.83188900,0.0
2018-05-09,9178.00000000,9390.00000000,8965.00000000,9310.00000000,25673.52489900,0.0
2018-05-10,9310.00000000,9395.12000000,8970.00000000,9002.20000000,25055.06371800,0.0
2018-05-11,9002.21000000,9016.80000000,8341.00000000,8400.00000000,48227.04806100,0.0
2018-05-12,8405.94000000,8646.88000000,8153.00000000,8465.94000000,40241.32081000,0.0
2018-05-13,8475.44000000,8763.36000000,8298.00000000,8679.71000000,25632.86936200,0.0
2018-05-14,8679.71000000,8879.99000000,8277.00000000,8663.34000000,37389.66653300,0.0
2018-05-15,8663.37000000,8859.99000000,8401.30000000,8462.00000000,28126.95613600,0.0
2018-05-16,8462.00000000,8488.00000000,8083.01000000,8330.00000000,31130.71890800,0.0
2018-05-17,8330.00000000,8464.00000000,7979.00000000,8041.46000000,25439.84479900,0.0
2018-05-18,8038.82000000,8273.21000000,7911.90000000,8239.81000000,23476.15825100,0.0
2018-05-19,8238.01000000,8390.80000000,8095.73000000,8233.49000000,17193.42427600,0.0
2018-05-20,8233.49000000,8609.00000000,8163.90000000,8526.98000000,19957.05710900,0.0
2018-05-21,8526.97000000,8595.31000000,8305.00000000,8381.24000000,21516.59648600,0.0
2018-05-22,8386.89000000,8400.18000000,7935.11000000,7977.11000000,23710.90285800,0.0
2018-05-23,7977.12000000,8031.90000000,7425.00000000,7501.95000000,42910.66677400,0.0
2018-05-24,7501.95000000,7730.73000000,7266.99000000,7575.01000000,37845.44659500,0.0
2018-05-25,7578.99000000,7649.55000000,7308.15000000,7457.00000000,26739.95664000,0.0
2018-05-26,7456.99000000,7620.00000000,7300.00000000,7333.96000000,19464.08607100,0.0
2018-05-27,7334.00000000,7400.00000000,7231.11000000,7338.99000000,18706.94551500,0.0
2018-05-28,7338.99000000,7437.00000000,7058.02000000,7099.00000000,27219.43896300,0.0
2018-05-29,7099.00000000,7540.00000000,7032.95000000,7461.29000000,39407.21183000,0.0
2018-05-30,7467.98000000,7569.00000000,7260.50000000,7375.96000000,32041.58362300,0.0
2018-05-31,7382.07000000,7699.00000000,7327.51000000,7485.01000000,30776.06310200,0.0
2018-06-01,7485.01000000,7608.55000000,7355.54000000,7521.01000000,28259.12407800,0.0
2018-06-02,7521.01000000,7697.33000000,7437.00000000,7640.03000000,26720.69021900,0.0
2018-06-03,7636.81000000,7786.69000000,7600.00000000,7714.26000000,27505.15895100,0.0
2018-06-04,7714.26000000,7760.52000000,7446.50000000,7487.00000000,32258.83511500,0.0
2018-06-05,7487.00000000,7679.49000000,7358.00000000,7625.00000000,31722.97338400,0.0
2018-06-06,7626.64000000,7699.00000000,7467.05000000,7658.84000000,27229.99189800,0.0
2018-06-07,7658.79000000,7765.00000000,7620.00000000,7691.08000000,25062.22720200,0.0
2018-06-08,7691.08000000,7703.50000000,7531.00000000,7603.44000000,23396.80467100,0.0
2018-06-09,7603.44000000,7683.98000000,7450.00000000,7491.73000000,19339.88517600,0.0
2018-06-10,7491.73000000,7491.73000000,6622.81000000,6764.99000000,52342.02003200,0.0
2018-06-11,6765.00000000,6922.00000000,6610.00000000,6872.00000000,34552.16230300,0.0
2018-06-12,6872.00000000,6890.51000000,6435.00000000,6530.00000000,36722.21119100,0.0
2018-06-13,6530.00000000,6627.60000000,6118.68000000,6292.78000000,46185.51810000,0.0
2018-06-14,6292.78000000,6720.00000000,6260.00000000,6635.98000000,44478.13083700,0.0
2018-06-15,6638.67000000,6666.66000000,6362.31000000,6388.90000000,30018.32990500,0.0
2018-06-16,6380.01000000,6560.00000000,6320.86000000,6483.98000000,22277.24114700,0.0
2018-06-17,6482.50000000,6589.03000000,6422.00000000,6449.61000000,19847.24768800,0.0
2018-06-18,6444.06000000,6794.38000000,6380.00000000,6712.46000000,31821.43499500,0.0
2018-06-19,6711.39000000,6841.74000000,6653.00000000,6741.21000000,24311.42114300,0.0
2018-06-20,6740.00000000,6817.23000000,6551.81000000,6761.51000000,26359.75245200,0.0
2018-06-21,6763.21000000,6795.00000000,6672.57000000,6718.84000000,25428.85404800,0.0
2018-06-22,6717.69000000,6733.97000000,5918.94000000,6045.00000000,52157.37083300,0.0
2018-06-23,6045.92000000,6260.00000000,6008.48000000,6149.98000000,26622.78858900,0.0
2018-06-24,6149.98000000,6259.80000000,5750.00000000,6136.97000000,47445.99895500,0.0
2018-06-25,6137.95000000,6350.00000000,6061.97000000,6252.00000000,39164.51530600,0.0
2018-06-26,6252.00000000,6272.54000000,6035.00000000,6070.78000000,19377.24048400,0.0
2018-06-27,6065.89000000,6190.43000000,5971.00000000,6133.73000000,19225.67109800,0.0
2018-06-28,6134.73000000,6173.01000000,5827.00000000,5853.98000000,30585.26602600,0.0
2018-06-29,5851.01000000,6300.00000000,5780.00000000,6197.92000000,33911.28727800,0.0
2018-06-30,6197.92000000,6528.99000000,6186.03000000,6390.07000000,37919.61284000,0.0
2018-07-01,6391.08000000,6441.06000000,6251.00000000,6356.81000000,27562.96597400,0.0
2018-07-02,6360.82000000,6685.00000000,6271.62000000,6615.29000000,36230.45226400,0.0
2018-07-03,6615.29000000,6679.35000000,6463.01000000,6513.86000000,38657.78169100,0.0
2018-07-04,6511.01000000,6784.92000000,6441.11000000,6586.98000000,23571.89277700,0.0
2018-07-05,6585.53000000,6712.00000000,6453.33000000,6529.20000000,35071.97289800,0.0
2018-07-06,6529.20000000,6648.54000000,6425.00000000,6609.78000000,29397.09474800,0.0
2018-07-07,6609.79000000,6818.16000000,6508.88000000,6756.98000000,23973.87688600,0.0
2018-07-08,6753.48000000,6780.00000000,6667.44000000,6712.10000000,24622.94779400,0.0
2018-07-09,6712.10000000,6802.06000000,6612.24000000,6662.12000000,26732.40655000,0.0
2018-07-10,6662.78000000,6681.00000000,6263.00000000,6296.91000000,38560.67270200,0.0
2018-07-11,6296.91000000,6406.00000000,6278.99000000,6378.07000000,28715.49848700,0.0
2018-07-12,6378.07000000,6380.28000000,6070.00000000,6250.57000000,31306.66334800,0.0
2018-07-13,6251.40000000,6350.00000000,6110.00000000,6214.57000000,26375.32528600,0.0
2018-07-14,6214.57000000,6335.00000000,6178.00000000,6251.99000000,17783.07199900,0.0
2018-07-15,6250.90000000,6395.00000000,6225.40000000,6353.01000000,22979.21150800,0.0
2018-07-16,6354.15000000,6747.30000000,6330.40000000,6723.35000000,36204.87708000,0.0
2018-07-17,6723.33000000,7468.99000000,6652.04000000,7317.44000000,52105.42345900,0.0
2018-07-18,7317.44000000,7588.08000000,7225.38000000,7381.90000000,59487.64345000,0.0
2018-07-19,7381.88000000,7576.28000000,7270.00000000,7466.21000000,41218.25643700,0.0
2018-07-20,7468.86000000,7700.00000000,7273.00000000,7337.53000000,46140.31344700,0.0
2018-07-21,7337.47000000,7458.47000000,7211.00000000,7398.78000000,28886.49029100,0.0
2018-07-22,7399.25000000,7582.40000000,7335.50000000,7394.79000000,30270.21844000,0.0
2018-07-23,7394.78000000,7833.00000000,7375.00000000,7721.01000000,41646.34667100,0.0
2018-07-24,7721.65000000,8486.00000000,7696.00000000,8397.24000000,60121.16374900,0.0
2018-07-25,8397.24000000,8491.77000000,8050.00000000,8175.64000000,48257.64912400,0.0
2018-07-26,8175.63000000,8315.69000000,7850.06000000,7920.00000000,43223.48168200,0.0
2018-07-27,7920.00000000,8285.00000000,7805.00000000,8188.57000000,43671.00589100,0.0
2018-07-28,8188.57000000,8246.54000000,8067.00000000,8225.04000000,26215.17383900,0.0
2018-07-29,8225.04000000,8294.51000000,8115.00000000,8211.00000000,25531.22618500,0.0
2018-07-30,8210.99000000,8273.00000000,7866.00000000,8173.92000000,39692.41654200,0.0
2018-07-31,8171.40000000,8180.00000000,7633.00000000,7730.93000000,48296.91558700,0.0
2018-08-01,7735.67000000,7750.00000000,7430.00000000,7604.58000000,42582.31293200,0.0
2018-08-02,7600.08000000,7709.46000000,7455.72000000,7525.71000000,37665.69668400,0.0
2018-08-03,7525.71000000,7540.00000000,7282.44000000,7418.78000000,44669.48604700,0.0
2018-08-04,7412.27000000,7494.81000000,6926.00000000,7009.84000000,36288.42601000,0.0
2018-08-05,7009.84000000,7089.87000000,6882.29000000,7024.19000000,32894.84978200,0.0
2018-08-06,7024.19000000,7160.00000000,6821.00000000,6934.82000000,32760.19164300,0.0
2018-08-07,6935.00000000,7150.46000000,6670.00000000,6720.06000000,45438.47350100,0.0
2018-08-08,6720.63000000,6721.54000000,6123.00000000,6285.00000000,59550.53631900,0.0
2018-08-09,6283.27000000,6622.81000000,6178.60000000,6529.79000000,51941.18511100,0.0
2018-08-10,6529.79000000,6575.88000000,6026.39000000,6144.01000000,59034.97490200,0.0
2018-08-11,6148.13000000,6488.00000000,5971.00000000,6232.35000000,47133.41855500,0.0
2018-08-12,6222.55000000,6472.30000000,6130.00000000,6308.33000000,38567.77071200,0.0
2018-08-13,6308.56000000,6545.00000000,6145.04000000,6246.35000000,53895.82878300,0.0
2018-08-14,6248.25000000,6250.33000000,5880.00000000,6188.08000000,50186.74509100,0.0
2018-08-15,6188.08000000,6609.00000000,6172.11000000,6267.16000000,68806.68702600,0.0
2018-08-16,6265.27000000,6480.00000000,6205.60000000,6311.75000000,48515.25461800,0.0
2018-08-17,6316.00000000,6585.00000000,6285.40000000,6584.49000000,57851.61080300,0.0
2018-08-18,6579.04000000,6620.00000000,6288.00000000,6387.96000000,53742.32217200,0.0
2018-08-19,6387.96000000,6541.00000000,6300.00000000,6477.53000000,45190.84799400,0.0
2018-08-20,6477.53000000,6530.00000000,6220.00000000,6254.84000000,49435.55526000,0.0
2018-08-21,6251.00000000,6500.00000000,6235.08000000,6480.00000000,41569.94740800,0.0
2018-08-22,6479.98000000,6882.54000000,6251.20000000,6360.89000000,77909.39135900,0.0
2018-08-23,6362.57000000,6576.99000000,6342.28000000,6525.01000000,40358.16682500,0.0
2018-08-24,6525.00000000,6725.00000000,6440.50000000,6681.64000000,38305.67532200,0.0
2018-08-25,6686.98000000,6789.00000000,6650.61000000,6733.64000000,19220.50592900,0.0
2018-08-26,6733.64000000,6775.27000000,6568.00000000,6700.00000000,20107.29720800,0.0
2018-08-27,6700.00000000,6940.51000000,6646.50000000,6908.64000000,37747.07874700,0.0
2018-08-28,6907.26000000,7135.00000000,6860.00000000,7076.11000000,48352.91716300,0.0
2018-08-29,7077.00000000,7133.81000000,6912.34000000,7031.22000000,43252.48739200,0.0
2018-08-30,7033.21000000,7063.63000000,6784.81000000,6984.84000000,44716.77462000,0.0
2018-08-31,6984.84000000,7089.00000000,6888.00000000,7011.21000000,40467.40063800,0.0
2018-09-01,7011.21000000,7275.00000000,7008.74000000,7200.01000000,40323.41409300,0.0
2018-09-02,7201.57000000,7345.45000000,7127.00000000,7302.01000000,39814.84035200,0.0
2018-09-03,7302.00000000,7338.28000000,7191.63000000,7263.02000000,32396.01837100,0.0
2018-09-04,7263.00000000,7410.00000000,7227.17000000,7359.06000000,35300.64051800,0.0
2018-09-05,7359.05000000,7397.30000000,6682.00000000,6700.00000000,63715.25626700,0.0
2018-09-06,6697.27000000,6725.00000000,6265.00000000,6516.01000000,60644.46422700,0.0
2018-09-07,6516.84000000,6544.00000000,6320.00000000,6395.54000000,38906.28805000,0.0
2018-09-08,6395.54000000,6478.00000000,6111.00000000,6185.05000000,38215.03217100,0.0
2018-09-09,6185.06000000,6441.00000000,6141.53000000,6250.81000000,37053.92382000,0.0
2018-09-10,6252.26000000,6373.98000000,6221.00000000,6312.00000000,32439.45643200,0.0
2018-09-11,6311.99000000,6404.00000000,6169.68000000,6294.91000000,33104.88859000,0.0
2018-09-12,6293.00000000,6360.00000000,6192.37000000,6338.62000000,31433.64593900,0.0
2018-09-13,6338.62000000,6535.00000000,6337.40000000,6487.38000000,40465.06310700,0.0
2018-09-14,6487.39000000,6584.99000000,6385.62000000,6476.63000000,37173.33927700,0.0
2018-09-15,6476.63000000,6565.45000000,6466.13000000,6514.96000000,25243.65661200,0.0
2018-09-16,6514.96000000,6524.62000000,6370.00000000,6505.00000000,27568.13289700,0.0
2018-09-17,6500.08000000,6533.84000000,6201.00000000,6248.69000000,35987.25473800,0.0
2018-09-18,6248.69000000,6390.00000000,6224.98000000,6336.45000000,32620.86667000,0.0
2018-09-19,6336.39000000,6517.70000000,6123.00000000,6391.89000000,39044.08008200,0.0
2018-09-20,6392.00000000,6540.00000000,6325.00000000,6492.00000000,25189.02472800,0.0
2018-09-21,6492.00000000,6784.86000000,6491.00000000,6759.02000000,51779.34346300,0.0
2018-09-22,6759.01000000,6839.03000000,6627.00000000,6723.05000000,29349.69066700,0.0
2018-09-23,6723.05000000,6788.23000000,6661.75000000,6708.00000000,30286.22977300,0.0
2018-09-24,6706.81000000,6730.00000000,6557.00000000,6581.39000000,35305.73991000,0.0
2018-09-25,6581.42000000,6584.01000000,6325.02000000,6447.54000000,40301.02945200,0.0
2018-09-26,6445.11000000,6557.99000000,6379.70000000,6465.12000000,33484.54207000,0.0
2018-09-27,6467.84000000,6750.00000000,6434.00000000,6689.13000000,33087.42829700,0.0
2018-09-28,6689.12000000,6814.80000000,6540.88000000,6634.58000000,42399.44852300,0.0
2018-09-29,6634.58000000,6636.00000000,6464.57000000,6596.38000000,30255.95970000,0.0
2018-09-30,6597.66000000,6662.00000000,6533.00000000,6626.57000000,27764.72451900,0.0
2018-10-01,6626.57000000,6667.09000000,6510.00000000,6611.61000000,20621.50689400,0.0
2018-10-02,6610.00000000,6640.00000000,6494.00000000,6525.79000000,28245.81008800,0.0
2018-10-03,6525.79000000,6549.00000000,6430.00000000,6510.00000000,28451.96913800,0.0
2018-10-04,6510.01000000,6643.46000000,6505.09000000,6593.79000000,20074.30081800,0.0
2018-10-05,6591.69000000,6697.00000000,6543.08000000,6635.65000000,16096.55239200,0.0
2018-10-06,6635.65000000,6651.00000000,6566.77000000,6594.27000000,10939.50539100,0.0
2018-10-07,6596.44000000,6640.00000000,6525.00000000,6615.26000000,17406.83176200,0.0
2018-10-08,6615.26000000,6715.60000000,6587.00000000,6673.01000000,23123.41954100,0.0
2018-10-09,6673.01000000,6685.38000000,6607.00000000,6656.61000000,15354.77946900,0.0
2018-10-10,6656.67000000,6659.95000000,6530.00000000,6631.00000000,15390.66144400,0.0
2018-10-11,6630.21000000,6633.92000000,6205.00000000,6252.68000000,48712.40033200,0.0
2018-10-12,6252.71000000,6360.00000000,6209.00000000,6298.01000000,29004.07141900,0.0
2018-10-13,6298.00000000,6345.00000000,6285.07000000,6332.93000000,19098.07002500,0.0
2018-10-14,6332.92000000,6416.00000000,6308.00000000,6339.34000000,15627.41131400,0.0
2018-10-15,6339.34000000,7680.00000000,6300.00000000,6752.50000000,90748.03124600,0.0
2018-10-16,6752.50000000,6900.00000000,6670.00000000,6759.27000000,27557.95776400,0.0
2018-10-17,6762.76000000,6811.12000000,6676.01000000,6740.89000000,26641.43137900,0.0
2018-10-18,6739.01000000,6796.00000000,6567.00000000,6618.96000000,20116.52194100,0.0
2018-10-19,6618.96000000,6648.14000000,6523.00000000,6528.88000000,20772.60077000,0.0
2018-10-20,6528.88000000,6617.65000000,6505.55000000,6588.40000000,19240.72224700,0.0
2018-10-21,6585.72000000,6663.90000000,6580.00000000,6590.11000000,6515.35779200,0.0
2018-10-22,6590.12000000,6639.00000000,6535.27000000,6581.20000000,16213.69266000,0.0
2018-10-23,6581.20000000,6595.00000000,6515.45000000,6553.51000000,13856.60175600,0.0
2018-10-24,6553.51000000,6630.00000000,6547.53000000,6565.50000000,11951.54397700,0.0
2018-10-25,6566.81000000,6575.09000000,6502.80000000,6528.09000000,10342.70124400,0.0
2018-10-26,6528.13000000,6600.00000000,6515.01000000,6538.63000000,9443.50415600,0.0
2018-10-27,6538.63000000,6558.35000000,6463.04000000,6505.60000000,7776.90786400,0.0
2018-10-28,6505.60000000,6514.17000000,6453.00000000,6489.93000000,5743.93372800,0.0
2018-10-29,6489.93000000,6505.01000000,6315.00000000,6344.50000000,13827.22406700,0.0
2018-10-30,6344.50000000,6395.00000000,6317.01000000,6330.87000000,8877.17538500,0.0
2018-10-31,6330.01000000,6428.00000000,6245.02000000,6371.93000000,12148.88821600,0.0
2018-11-01,6369.52000000,6442.65000000,6348.66000000,6410.00000000,9099.03584100,0.0
2018-11-02,6410.00000000,6460.34000000,6388.20000000,6433.98000000,9739.44067900,0.0
2018-11-03,6432.80000000,6439.97000000,6345.00000000,6387.09000000,7661.24147600,0.0
2018-11-04,6388.00000000,6525.00000000,6359.00000000,6485.85000000,10592.39494300,0.0
2018-11-05,6485.85000000,6504.39000000,6431.02000000,6468.99000000,8987.88215600,0.0
2018-11-06,6468.99000000,6531.31000000,6445.18000000,6519.11000000,11926.56569900,0.0
2018-11-07,6522.73000000,6615.15000000,6509.00000000,6578.46000000,14271.59111700,0.0
2018-11-08,6578.46000000,6594.00000000,6468.22000000,6479.84000000,13259.78928200,0.0
2018-11-09,6479.84000000,6511.53000000,6391.01000000,6419.99000000,11787.61658300,0.0
2018-11-10,6419.99000000,6475.55000000,6411.00000000,6433.05000000,7714.82992600,0.0
2018-11-11,6435.16000000,6462.14000000,6355.00000000,6449.81000000,8213.50711700,0.0
2018-11-12,6450.71000000,6497.00000000,6421.00000000,6453.07000000,10132.78256700,0.0
2018-11-13,6451.68000000,6498.00000000,6391.15000000,6457.66000000,11790.56493300,0.0
2018-11-14,6458.98000000,6482.84000000,5656.87000000,5922.41000000,46478.96400300,0.0
2018-11-15,5917.20000000,5939.54000000,5403.42000000,5753.40000000,47700.82940100,0.0
2018-11-16,5757.09000000,5782.89000000,5549.25000000,5655.94000000,38721.80227400,0.0
2018-11-17,5650.57000000,5656.60000000,5565.43000000,5628.29000000,26411.24141300,0.0
2018-11-18,5630.49000000,5738.17000000,5617.00000000,5662.00000000,23844.99934700,0.0
2018-11-19,5661.94000000,5664.00000000,4855.00000000,4910.03000000,70580.89285600,0.0
2018-11-20,4913.40000000,5048.24000000,4326.00000000,4558.86000000,117380.95159000,0.0
2018-11-21,4559.91000000,4787.20000000,4413.85000000,4661.07000000,61071.82947500,0.0
2018-11-22,4661.08000000,4721.77000000,4335.00000000,4370.00000000,34531.11914300,0.0
2018-11-23,4370.90000000,4484.00000000,4222.94000000,4420.61000000,49371.92032200,0.0
2018-11-24,4415.63000000,4527.00000000,3824.69000000,3932.44000000,61693.11100600,0.0
2018-11-25,3933.68000000,4233.00000000,3652.66000000,4085.78000000,101693.97558800,0.0
2018-11-26,4088.69000000,4206.00000000,3701.00000000,3862.20000000,94503.75076700,0.0
2018-11-27,3864.45000000,3940.00000000,3689.12000000,3875.21000000,67480.60721200,0.0
2018-11-28,3875.63000000,4394.47000000,3874.27000000,4264.85000000,91983.56794900,0.0
2018-11-29,4262.06000000,4450.38000000,4125.65000000,4295.84000000,73980.19866900,0.0
2018-11-30,4295.72000000,4341.36000000,3943.00000000,4041.32000000,67758.44628300,0.0
2018-12-01,4041.27000000,4299.99000000,3963.01000000,4190.02000000,44840.07348100,0.0
2018-12-02,4190.98000000,4312.99000000,4103.04000000,4161.01000000,38912.15479000,0.0
2018-12-03,4160.55000000,4179.00000000,3827.00000000,3884.01000000,49094.36916300,0.0
2018-12-04,3884.76000000,4085.00000000,3781.00000000,3951.64000000,48489.55161300,0.0
2018-12-05,3950.98000000,3970.00000000,3745.00000000,3769.84000000,44004.79944800,0.0
2018-12-06,3768.44000000,3899.99000000,3500.00000000,3508.75000000,68378.79694300,0.0
2018-12-07,3508.75000000,3549.99000000,3224.60000000,3403.55000000,95145.45744200,0.0
2018-12-08,3403.57000000,3495.00000000,3222.00000000,3410.93000000,55365.94994900,0.0
2018-12-09,3411.36000000,3658.00000000,3394.04000000,3545.37000000,45956.89329600,0.0
2018-12-10,3548.49000000,3610.00000000,3370.11000000,3432.88000000,40989.24455300,0.0
2018-12-11,3434.01000000,3480.00000000,3324.32000000,3380.39000000,35920.86415400,0.0
2018-12-12,3379.23000000,3492.00000000,3350.00000000,3445.00000000,33922.93128600,0.0
2018-12-13,3446.38000000,3460.00000000,3255.50000000,3302.06000000,40040.91701300,0.0
2018-12-14,3302.06000000,3335.39000000,3177.00000000,3224.17000000,44492.98380700,0.0
2018-12-15,3225.19000000,3276.50000000,3156.26000000,3211.72000000,29796.04143600,0.0
2018-12-16,3211.71000000,3294.00000000,3186.00000000,3228.67000000,24628.80853800,0.0
2018-12-17,3229.22000000,3585.00000000,3216.00000000,3509.08000000,66761.75169700,0.0
2018-12-18,3509.03000000,3678.59000000,3424.47000000,3652.98000000,61369.61525700,0.0
2018-12-19,3653.00000000,3912.73000000,3622.55000000,3662.22000000,94137.34101400,0.0
2018-12-20,3660.01000000,4120.00000000,3635.00000000,4049.62000000,101543.83598600,0.0
2018-12-21,4051.86000000,4139.99000000,3764.00000000,3838.66000000,82343.85011200,0.0
2018-12-22,3840.25000000,3979.00000000,3785.00000000,3948.91000000,42822.35087200,0.0
2018-12-23,3948.91000000,4021.53000000,3870.00000000,3929.71000000,40117.53152900,0.0
2018-12-24,3929.71000000,4198.00000000,3924.83000000,4008.01000000,64647.80912900,0.0
2018-12-25,4010.11000000,4020.00000000,3646.41000000,3745.79000000,62725.62943200,0.0
2018-12-26,3745.56000000,3837.15000000,3656.74000000,3777.74000000,42629.37581700,0.0
2018-12-27,3777.74000000,3813.98000000,3535.00000000,3567.91000000,44097.39291200,0.0
2018-12-28,3567.89000000,3887.25000000,3540.04000000,3839.26000000,45964.30498700,0.0
2018-12-29,3839.00000000,3892.00000000,3670.00000000,3695.32000000,38874.37390300,0.0
2018-12-30,3696.71000000,3903.50000000,3657.90000000,3801.91000000,33222.36926200,0.0
2018-12-31,3803.12000000,3810.00000000,3630.33000000,3702.90000000,29991.77835000,0.0
2019-01-01,3701.23000000,3810.16000000,3642.00000000,3797.14000000,23741.68703300,0.0
2019-01-02,3796.45000000,3882.14000000,3750.45000000,3858.56000000,35156.46336900,0.0
2019-01-03,3857.57000000,3862.74000000,3730.00000000,3766.78000000,29406.94835900,0.0
2019-01-04,3767.20000000,3823.64000000,3703.57000000,3792.01000000,29519.55467100,0.0
2019-01-05,3790.09000000,3840.99000000,3751.00000000,3770.96000000,30490.66775100,0.0
2019-01-06,3771.12000000,4027.71000000,3740.00000000,3987.60000000,36553.80670900,0.0
2019-01-07,3987.62000000,4017.90000000,3921.53000000,3975.45000000,31869.84626400,0.0
2019-01-08,3976.76000000,4069.80000000,3903.00000000,3955.13000000,38901.42312200,0.0
2019-01-09,3955.45000000,4006.81000000,3930.04000000,3966.65000000,28989.43951100,0.0
2019-01-10,3966.06000000,3996.01000000,3540.00000000,3585.88000000,59402.22851000,0.0
2019-01-11,3585.88000000,3658.00000000,3465.00000000,3601.31000000,38338.65473300,0.0
2019-01-12,3601.31000000,3618.19000000,3530.00000000,3583.13000000,21999.92835400,0.0
2019-01-13,3584.10000000,3611.10000000,3441.30000000,3476.81000000,26385.75745400,0.0
2019-01-14,3477.56000000,3671.87000000,3467.02000000,3626.09000000,35235.21121500,0.0
2019-01-15,3626.08000000,3648.42000000,3516.62000000,3553.06000000,34137.99745900,0.0
2019-01-16,3553.06000000,3645.00000000,3543.51000000,3591.84000000,27480.17997700,0.0
2019-01-17,3591.84000000,3634.70000000,3530.39000000,3616.21000000,29755.44083800,0.0
2019-01-18,3613.32000000,3620.00000000,3565.75000000,3594.87000000,22713.44675500,0.0
2019-01-19,3594.87000000,3720.00000000,3594.23000000,3665.30000000,22171.57812300,0.0
2019-01-20,3665.75000000,3693.73000000,3475.00000000,3539.28000000,27901.93859800,0.0
2019-01-21,3539.26000000,3559.51000000,3475.50000000,3526.90000000,19644.43683900,0.0
2019-01-22,3526.88000000,3608.50000000,3434.85000000,3570.93000000,29336.44296700,0.0
2019-01-23,3570.41000000,3607.98000000,3514.50000000,3552.82000000,24938.84269800,0.0
2019-01-24,3552.97000000,3589.00000000,3529.22000000,3569.62000000,20826.25118000,0.0
2019-01-25,3569.07000000,3587.15000000,3522.51000000,3565.29000000,17608.34667100,0.0
2019-01-26,3566.69000000,3662.94000000,3545.00000000,3565.25000000,19476.53234400,0.0
2019-01-27,3565.62000000,3579.00000000,3486.00000000,3550.84000000,22735.59816200,0.0
2019-01-28,3550.05000000,3557.75000000,3380.27000000,3434.15000000,40405.11140100,0.0
2019-01-29,3434.00000000,3443.45000000,3349.92000000,3411.04000000,29544.92897700,0.0
2019-01-30,3410.04000000,3478.00000000,3387.10000000,3458.18000000,23968.26024300,0.0
2019-01-31,3457.50000000,3489.20000000,3418.80000000,3434.10000000,29607.19025300,0.0
2019-02-01,3434.10000000,3488.00000000,3401.20000000,3462.07000000,25260.47615900,0.0
2019-02-02,3462.20000000,3526.40000000,3440.29000000,3504.77000000,17920.80200000,0.0
2019-02-03,3504.06000000,3511.09000000,3426.00000000,3458.11000000,19867.33639000,0.0
2019-02-04,3458.11000000,3484.88000000,3433.31000000,3463.22000000,23131.98110800,0.0
2019-02-05,3463.22000000,3478.97000000,3448.43000000,3471.59000000,25264.41503000,0.0
2019-02-06,3471.57000000,3482.72000000,3380.00000000,3405.37000000,35310.24484600,0.0
2019-02-07,3407.00000000,3426.45000000,3390.00000000,3398.40000000,18665.53863800,0.0
2019-02-08,3398.40000000,3733.58000000,3373.10000000,3659.04000000,47968.05801300,0.0
2019-02-09,3660.27000000,3680.02000000,3625.13000000,3665.18000000,24759.83371900,0.0
2019-02-10,3665.18000000,3684.99000000,3609.76000000,3680.06000000,23250.60263400,0.0
2019-02-11,3679.75000000,3684.90000000,3615.53000000,3631.05000000,24954.61457100,0.0
2019-02-12,3631.05000000,3667.60000000,3582.34000000,3631.46000000,29479.59823000,0.0
2019-02-13,3631.51000000,3670.00000000,3591.75000000,3609.40000000,25773.99764800,0.0
2019-02-14,3608.34000000,3626.40000000,3568.11000000,3590.56000000,21753.50126100,0.0
2019-02-15,3590.57000000,3653.23000000,3573.45000000,3602.47000000,20777.87289900,0.0
2019-02-16,3602.49000000,3648.20000000,3597.91000000,3618.41000000,19565.99275100,0.0
2019-02-17,3617.22000000,3700.11000000,3604.40000000,3667.58000000,25690.22777900,0.0
2019-02-18,3667.62000000,3925.00000000,3655.00000000,3898.60000000,64042.73049200,0.0
2019-02-19,3897.35000000,3994.52000000,3856.00000000,3907.79000000,50207.17266700,0.0
2019-02-20,3907.35000000,3986.98000000,3870.66000000,3969.74000000,36205.14085000,0.0
2019-02-21,3969.74000000,4016.48000000,3901.03000000,3937.31000000,31103.88472800,0.0
2019-02-22,3937.31000000,3988.00000000,3926.65000000,3962.00000000,23943.16375000,0.0
2019-02-23,3962.00000000,4162.02000000,3933.15000000,4117.76000000,33657.94288300,0.0
2019-02-24,4118.00000000,4198.00000000,3712.66000000,3743.56000000,62224.18689000,0.0
2019-02-25,3743.56000000,3872.66000000,3740.00000000,3827.92000000,38102.96624500,0.0
2019-02-26,3828.44000000,3841.51000000,3777.00000000,3809.23000000,28838.74803600,0.0
2019-02-27,3809.31000000,3838.85000000,3677.17000000,3818.07000000,31500.99546600,0.0
2019-02-28,3818.04000000,3888.00000000,3763.87000000,3813.69000000,32561.96104400,0.0
2019-03-01,3814.26000000,3857.00000000,3813.01000000,3823.00000000,23174.57217000,0.0
2019-03-02,3822.17000000,3841.31000000,3772.25000000,3819.93000000,19445.83835500,0.0
2019-03-03,3819.97000000,3835.00000000,3781.32000000,3807.75000000,16718.16541000,0.0
2019-03-04,3807.32000000,3830.00000000,3670.69000000,3715.30000000,34742.84166000,0.0
2019-03-05,3716.10000000,3877.10000000,3703.55000000,3857.73000000,32962.53616200,0.0
2019-03-06,3857.58000000,3907.00000000,3813.09000000,3861.84000000,24775.11883000,0.0
2019-03-07,3861.84000000,3905.40000000,3840.40000000,3873.64000000,26455.25766100,0.0
2019-03-08,3873.63000000,3932.00000000,3800.00000000,3864.89000000,34730.36659200,0.0
2019-03-09,3864.88000000,3971.75000000,3854.75000000,3943.04000000,30979.74765300,0.0
2019-03-10,3943.43000000,3943.43000000,3881.69000000,3916.82000000,23187.56141200,0.0
2019-03-11,3915.99000000,3936.98000000,3830.00000000,3871.61000000,38066.88570500,0.0
2019-03-12,3871.61000000,3905.20000000,3826.06000000,3882.73000000,26921.00862200,0.0
2019-03-13,3882.69000000,3893.56000000,3840.00000000,3866.00000000,24461.00875700,0.0
2019-03-14,3866.00000000,3920.00000000,3810.43000000,3877.12000000,27048.74853000,0.0
2019-03-15,3877.12000000,3939.22000000,3872.20000000,3923.76000000,21740.06149800,0.0
2019-03-16,3924.46000000,4056.98000000,3921.98000000,4005.98000000,28568.37612400,0.0
2019-03-17,4005.98000000,4012.00000000,3950.01000000,3981.14000000,18814.25557700,0.0
2019-03-18,3981.85000000,4037.00000000,3953.33000000,3987.81000000,22454.47801000,0.0
2019-03-19,3987.83000000,4031.00000000,3970.00000000,4015.53000000,19893.74181500,0.0
2019-03-20,4017.48000000,4050.00000000,3980.50000000,4043.04000000,23432.30025500,0.0
2019-03-21,4043.04000000,4069.32000000,3880.01000000,3980.64000000,35997.68211900,0.0
2019-03-22,3980.85000000,4008.00000000,3968.25000000,3986.93000000,20022.60631800,0.0
2019-03-23,3987.89000000,4018.83000000,3978.01000000,4006.01000000,17302.60431800,0.0
2019-03-24,4006.01000000,4006.02000000,3950.00000000,3992.18000000,17179.85064800,0.0
2019-03-25,3991.35000000,3999.30000000,3888.71000000,3936.12000000,33192.89021700,0.0
2019-03-26,3935.47000000,3958.98000000,3894.00000000,3948.55000000,29349.53762700,0.0
2019-03-27,3948.77000000,4048.00000000,3936.15000000,4038.05000000,32364.55585200,0.0
2019-03-28,4039.58000000,4039.70000000,4002.00000000,4027.81000000,20089.29387500,0.0
2019-03-29,4028.22000000,4123.71000000,4024.03000000,4103.25000000,30084.21744400,0.0
2019-03-30,4104.24000000,4140.00000000,4052.00000000,4106.97000000,19509.29260100,0.0
2019-03-31,4106.99000000,4116.12000000,4082.57000000,4103.95000000,13525.08743300,0.0
2019-04-01,4102.44000000,4158.70000000,4067.00000000,4144.56000000,25507.06764100,0.0
2019-04-02,4144.54000000,4897.99000000,4140.54000000,4857.29000000,105383.63926300,0.0
2019-04-03,4857.19000000,5275.01000000,4753.50000000,4932.60000000,109890.12574300,0.0
2019-04-04,4932.59000000,5039.08000000,4777.00000000,4898.66000000,61054.25416800,0.0
2019-04-05,4898.64000000,5028.22000000,4880.62000000,5004.95000000,39768.55280600,0.0
2019-04-06,5004.96000000,5205.00000000,4928.59000000,5043.89000000,41770.84231300,0.0
2019-04-07,5042.07000000,5234.00000000,5026.00000000,5170.27000000,37615.48680400,0.0
2019-04-08,5170.27000000,5305.00000000,5039.00000000,5236.90000000,50178.43078200,0.0
2019-04-09,5238.38000000,5238.40000000,5076.68000000,5150.00000000,34067.01231100,0.0
2019-04-10,5150.00000000,5422.00000000,5135.00000000,5308.25000000,40073.62047100,0.0
2019-04-11,5307.86000000,5332.67000000,4927.00000000,5017.37000000,54696.60068600,0.0
2019-04-12,5017.37000000,5080.58000000,4861.22000000,5048.01000000,33276.67861400,0.0
2019-04-13,5047.00000000,5099.00000000,5004.00000000,5045.22000000,17292.45680200,0.0
2019-04-14,5047.45000000,5152.99000000,5000.00000000,5131.30000000,18281.60773900,0.0
2019-04-15,5131.28000000,5167.38000000,4950.00000000,5024.95000000,29057.19158100,0.0
2019-04-16,5024.95000000,5197.72000000,5003.94000000,5173.72000000,24242.22949300,0.0
2019-04-17,5173.72000000,5230.40000000,5146.80000000,5202.82000000,23307.53613400,0.0
2019-04-18,5202.41000000,5287.00000000,5198.80000000,5258.44000000,22619.23900100,0.0
2019-04-19,5258.44000000,5320.00000000,5175.00000000,5258.68000000,24611.23632300,0.0
2019-04-20,5258.68000000,5333.42000000,5230.10000000,5291.73000000,19168.90827400,0.0
2019-04-21,5292.91000000,5314.35000000,5165.00000000,5256.14000000,25549.57093900,0.0
2019-04-22,5257.41000000,5400.00000000,5208.35000000,5357.14000000,29563.85230900,0.0
2019-04-23,5357.14000000,5600.00000000,5332.41000000,5493.31000000,41262.10391700,0.0
2019-04-24,5490.91000000,5582.20000000,5333.35000000,5415.00000000,48224.15241300,0.0
2019-04-25,5415.00000000,5491.84000000,5102.00000000,5219.90000000,49636.08994800,0.0
2019-04-26,5220.47000000,5510.00000000,5161.62000000,5314.10000000,48912.29451300,0.0
2019-04-27,5315.00000000,5342.50000000,5257.67000000,5295.69000000,15422.89693500,0.0
2019-04-28,5295.69000000,5340.00000000,5259.48000000,5307.52000000,14371.43386900,0.0
2019-04-29,5309.81000000,5332.00000000,5178.80000000,5238.14000000,19918.13507900,0.0
2019-04-30,5238.14000000,5339.98000000,5192.15000000,5320.81000000,22238.06823000,0.0
2019-05-01,5321.94000000,5402.00000000,5316.20000000,5383.20000000,17217.47321600,0.0
2019-05-02,5383.20000000,5538.00000000,5370.00000000,5492.87000000,22795.78783500,0.0
2019-05-03,5494.81000000,5844.00000000,5477.57000000,5772.69000000,46297.17284900,0.0
2019-05-04,5770.62000000,5900.00000000,5587.45000000,5829.45000000,39682.40899100,0.0
2019-05-05,5829.83000000,5839.90000000,5696.00000000,5775.62000000,23822.54377500,0.0
2019-05-06,5773.18000000,5805.00000000,5619.14000000,5747.79000000,25256.59632500,0.0
2019-05-07,5749.92000000,6028.41000000,5747.74000000,5846.34000000,39905.06442200,0.0
2019-05-08,5846.34000000,6014.72000000,5772.20000000,5987.29000000,23074.05152000,0.0
2019-05-09,5986.66000000,6224.55000000,5983.71000000,6209.18000000,27453.01143600,0.0
2019-05-10,6209.95000000,6468.92000000,6172.00000000,6373.33000000,36623.61079000,0.0
2019-05-11,6375.16000000,7343.99000000,6372.85000000,7076.22000000,74022.42439300,0.0
2019-05-12,7076.24000000,7521.78000000,6750.00000000,6967.31000000,86948.97533900,0.0
2019-05-13,6968.24000000,8100.00000000,6870.00000000,7790.71000000,85804.73533300,0.0
2019-05-14,7795.62000000,8366.00000000,7599.56000000,7947.56000000,76583.72260300,0.0
2019-05-15,7945.26000000,8249.00000000,7850.00000000,8169.87000000,37884.32721100,0.0
2019-05-16,8169.08000000,8320.00000000,7705.00000000,7866.59000000,69630.51399600,0.0
2019-05-17,7868.67000000,7925.00000000,6913.00000000,7355.26000000,88752.00815900,0.0
2019-05-18,7355.28000000,7458.00000000,7156.61000000,7257.45000000,37054.94477900,0.0
2019-05-19,7257.32000000,8275.09000000,7243.08000000,8148.48000000,65577.44205800,0.0
2019-05-20,8147.94000000,8156.03000000,7553.00000000,7938.15000000,65859.20856400,0.0
2019-05-21,7937.16000000,8042.32000000,7771.00000000,7904.87000000,52301.75224700,0.0
2019-05-22,7904.48000000,8016.00000000,7465.00000000,7628.43000000,49136.99458900,0.0
2019-05-23,7627.80000000,7940.98000000,7461.00000000,7851.51000000,49648.18470100,0.0
2019-05-24,7849.95000000,8130.00000000,7766.00000000,7964.87000000,46664.78532500,0.0
2019-05-25,7964.52000000,8091.80000000,7908.34000000,8025.41000000,28414.32881700,0.0
2019-05-26,8023.00000000,8740.00000000,7833.42000000,8614.43000000,49652.14456700,0.0
2019-05-27,8612.54000000,8908.32000000,8589.00000000,8756.32000000,51886.76879300,0.0
2019-05-28,8752.52000000,8798.49000000,8510.63000000,8715.64000000,31470.55153400,0.0
2019-05-29,8716.87000000,8750.00000000,8406.60000000,8645.68000000,33880.86592200,0.0
2019-05-30,8646.50000000,9074.26000000,8005.00000000,8269.54000000,70379.99852100,0.0
2019-05-31,8267.10000000,8594.00000000,8108.50000000,8555.00000000,44727.49162000,0.0
2019-06-01,8555.00000000,8626.00000000,8442.36000000,8544.07000000,31868.23415700,0.0
2019-06-02,8545.10000000,8814.78000000,8524.00000000,8725.98000000,27835.13326500,0.0
2019-06-03,8726.00000000,8800.95000000,8080.80000000,8115.82000000,45692.96510400,0.0
2019-06-04,8115.66000000,8115.66000000,7481.02000000,7687.03000000,74143.94894100,0.0
2019-06-05,7687.04000000,7896.70000000,7572.78000000,7776.50000000,48679.65645500,0.0
2019-06-06,7778.08000000,7868.13000000,7444.58000000,7786.70000000,36624.11874700,0.0
2019-06-07,7787.57000000,8100.00000000,7737.49000000,7980.53000000,33942.22565800,0.0
2019-06-08,7978.94000000,8044.65000000,7751.00000000,7893.62000000,22657.32963400,0.0
2019-06-09,7895.28000000,7935.00000000,7506.66000000,7628.13000000,31568.46515700,0.0
2019-06-10,7627.57000000,8020.00000000,7511.00000000,7982.75000000,36756.07846800,0.0
2019-06-11,7981.00000000,8010.00000000,7692.23000000,7884.90000000,30334.99942700,0.0
2019-06-12,7884.90000000,8200.00000000,7788.99000000,8127.64000000,41597.08262200,0.0
2019-06-13,8127.64000000,8309.82000000,8010.03000000,8218.54000000,30467.76434100,0.0
2019-06-14,8216.44000000,8684.41000000,8144.32000000,8650.00000000,39835.24625500,0.0
2019-06-15,8650.88000000,8864.99000000,8567.63000000,8808.70000000,31791.63603900,0.0
2019-06-16,8810.77000000,9333.00000000,8760.00000000,8953.33000000,63289.25121900,0.0
2019-06-17,8953.00000000,9444.00000000,8950.00000000,9313.96000000,47895.48537400,0.0
2019-06-18,9312.13000000,9336.36000000,8950.00000000,9081.55000000,51554.56940100,0.0
2019-06-19,9081.97000000,9304.00000000,8960.00000000,9255.49000000,32147.70649500,0.0
2019-06-20,9253.76000000,9590.00000000,9175.20000000,9517.12000000,34556.05398200,0.0
2019-06-21,9518.06000000,10174.99000000,9518.06000000,10159.86000000,50484.41589200,0.0
2019-06-22,10159.86000000,11160.00000000,9921.72000000,10729.50000000,104169.44797600,0.0
2019-06-23,10729.00000000,11392.64000000,10555.18000000,10906.07000000,57445.32394500,0.0
2019-06-24,10905.95000000,11143.63000000,10620.80000000,11056.59000000,43101.04528500,0.0
2019-06-25,11056.59000000,11850.00000000,11026.00000000,11820.86000000,61276.68664800,0.0
2019-06-26,11821.28000000,13970.00000000,11741.00000000,13093.80000000,155930.14738600,0.0
2019-06-27,13098.38000000,13478.04000000,10525.10000000,11329.99000000,173894.82088900,0.0
2019-06-28,11329.99000000,12480.00000000,10982.88000000,12400.63000000,95795.20396400,0.0
2019-06-29,12407.06000000,12441.54000000,11475.02000000,11903.13000000,69642.07415700,0.0
2019-06-30,11903.13000000,12180.00000000,10766.03000000,10854.10000000,84512.53044300,0.0
2019-07-01,10854.10000000,11282.28000000,10030.00000000,10624.93000000,90962.26827100,0.0
2019-07-02,10624.90000000,10938.75000000,9727.00000000,10842.85000000,109561.03872800,0.0
2019-07-03,10844.98000000,11991.89000000,10841.04000000,11940.00000000,96815.90029000,0.0
2019-07-04,11940.00000000,12000.00000000,11055.00000000,11145.67000000,66512.22189200,0.0
2019-07-05,11145.67000000,11406.83000000,10796.44000000,10970.73000000,63534.35058200,0.0
2019-07-06,10982.41000000,11665.00000000,10964.51000000,11256.49000000,51469.49633100,0.0
2019-07-07,11256.45000000,11538.00000000,11094.37000000,11406.24000000,38884.79559900,0.0
2019-07-08,11410.00000000,12338.03000000,11220.00000000,12238.60000000,52182.36721500,0.0
2019-07-09,12238.60000000,12794.73000000,12068.00000000,12543.41000000,78442.13034300,0.0
2019-07-10,12548.51000000,13147.08000000,11569.00000000,12108.37000000,109246.04499700,0.0
2019-07-11,12108.11000000,12111.73000000,11000.00000000,11342.89000000,87506.46105800,0.0
2019-07-12,11342.88000000,11885.00000000,11073.00000000,11757.22000000,56321.85828100,0.0
2019-07-13,11757.22000000,11799.98000000,10830.00000000,11355.76000000,54245.59454800,0.0
2019-07-14,11355.78000000,11452.00000000,10103.00000000,10174.18000000,72517.57923600,0.0
2019-07-15,10174.18000000,11100.00000000,9860.00000000,10838.72000000,81922.42633200,0.0
2019-07-16,10833.78000000,11028.00000000,9350.01000000,9439.59000000,97219.44341300,0.0
2019-07-17,9430.17000000,9957.00000000,9060.00000000,9667.92000000,84942.67271700,0.0
2019-07-18,9668.86000000,10788.00000000,9252.00000000,10627.16000000,80283.31025200,0.0
2019-07-19,10628.64000000,10769.71000000,10121.84000000,10504.29000000,56546.93213300,0.0
2019-07-20,10505.78000000,11068.99000000,10350.00000000,10740.23000000,47331.89984800,0.0
2019-07-21,10740.27000000,10817.90000000,10288.00000000,10589.45000000,38834.28793500,0.0
2019-07-22,10590.15000000,10683.16000000,10100.00000000,10340.31000000,40467.95483900,0.0
2019-07-23,10343.08000000,10343.97000000,9822.00000000,9864.91000000,47624.37071000,0.0
2019-07-24,9864.78000000,9937.00000000,9525.00000000,9763.28000000,43475.38037700,0.0
2019-07-25,9763.40000000,10175.00000000,9720.03000000,9879.87000000,37873.35472800,0.0
2019-07-26,9882.15000000,9889.98000000,9637.00000000,9824.00000000,27167.46321700,0.0
2019-07-27,9824.00000000,10188.66000000,9333.00000000,9476.52000000,43809.77830100,0.0
2019-07-28,9478.92000000,9594.99000000,9165.00000000,9541.54000000,29401.02293700,0.0
2019-07-29,9541.54000000,9729.00000000,9395.00000000,9507.64000000,29021.93741100,0.0
2019-07-30,9509.07000000,9714.28000000,9402.00000000,9574.21000000,32536.36883400,0.0
2019-07-31,9575.00000000,10109.80000000,9555.00000000,10080.53000000,39515.35456000,0.0
2019-08-01,10080.53000000,10467.86000000,9863.46000000,10374.99000000,41727.63702800,0.0
2019-08-02,10375.00000000,10670.00000000,10281.35000000,10523.75000000,42990.44422100,0.0
2019-08-03,10523.75000000,10904.77000000,10497.93000000,10816.86000000,33802.31882400,0.0
2019-08-04,10816.86000000,11040.00000000,10552.00000000,10929.23000000,39924.74514100,0.0
2019-08-05,10929.99000000,11937.52000000,10927.80000000,11828.80000000,65153.67371300,0.0
2019-08-06,11830.00000000,12330.70000000,11226.70000000,11481.69000000,76705.38987500,0.0
2019-08-07,11481.69000000,12141.17000000,11382.84000000,11975.03000000,69173.39035300,0.0
2019-08-08,11975.04000000,12060.00000000,11521.00000000,11999.77000000,51207.25717400,0.0
2019-08-09,11994.17000000,12045.68000000,11700.00000000,11879.99000000,39427.15258800,0.0
2019-08-10,11879.98000000,11985.00000000,11270.00000000,11309.31000000,42633.08704800,0.0
2019-08-11,11309.24000000,11600.00000000,11112.11000000,11549.97000000,26772.90691000,0.0
2019-08-12,11539.08000000,11577.89000000,11235.32000000,11396.08000000,17568.22707500,0.0
2019-08-13,11398.35000000,11456.16000000,10788.45000000,10892.71000000,33234.72968000,0.0
2019-08-14,10893.36000000,10897.48000000,9928.10000000,10050.37000000,54451.84749900,0.0
2019-08-15,10055.16000000,10460.00000000,9911.00000000,10293.93000000,38174.45112000,0.0
2019-08-16,10296.77000000,10536.03000000,9750.00000000,10331.54000000,51758.14291800,0.0
2019-08-17,10331.15000000,10465.14000000,10000.00000000,10216.02000000,29000.58120100,0.0
2019-08-18,10216.05000000,10500.00000000,10080.00000000,10306.78000000,24085.39517200,0.0
2019-08-19,10306.17000000,10930.00000000,10258.60000000,10915.54000000,37243.31921700,0.0
2019-08-20,10914.73000000,10949.96000000,10560.00000000,10760.51000000,32298.92167900,0.0
2019-08-21,10760.51000000,10804.13000000,9858.00000000,10142.57000000,47355.71928200,0.0
2019-08-22,10140.82000000,10242.00000000,9762.00000000,10099.88000000,34059.64273800,0.0
2019-08-23,10099.90000000,10445.00000000,10019.79000000,10389.55000000,27550.33617300,0.0
2019-08-24,10388.16000000,10419.42000000,9890.00000000,10134.35000000,27692.45684400,0.0
2019-08-25,10134.61000000,10333.00000000,9906.97000000,10142.69000000,26271.65739800,0.0
2019-08-26,10142.69000000,10604.00000000,10137.93000000,10372.25000000,41687.51159900,0.0
2019-08-27,10373.60000000,10391.08000000,10051.08000000,10185.05000000,28402.77538300,0.0
2019-08-28,10185.69000000,10299.00000000,9601.01000000,9721.00000000,42110.55537500,0.0
2019-08-29,9721.00000000,9724.00000000,9320.00000000,9498.44000000,35532.69491000,0.0
2019-08-30,9499.01000000,9696.00000000,9350.41000000,9584.54000000,26834.31810400,0.0
2019-08-31,9582.76000000,9684.51000000,9420.75000000,9587.47000000,17130.29007400,0.0
2019-09-01,9588.74000000,9830.00000000,9520.00000000,9724.98000000,19545.40484300,0.0
2019-09-02,9723.59000000,10450.00000000,9712.50000000,10340.00000000,44740.24809300,0.0
2019-09-03,10340.00000000,10773.00000000,10272.00000000,10615.28000000,47998.37678100,0.0
2019-09-04,10611.85000000,10799.00000000,10369.89000000,10567.02000000,43943.88902600,0.0
2019-09-05,10565.92000000,10900.00000000,10450.00000000,10564.49000000,33970.96063900,0.0
2019-09-06,10563.13000000,10905.87000000,10150.00000000,10298.73000000,58799.64095900,0.0
2019-09-07,10298.71000000,10558.00000000,10288.57000000,10455.88000000,27637.87739200,0.0
2019-09-08,10455.90000000,10592.50000000,10208.00000000,10381.18000000,23984.67201800,0.0
2019-09-09,10381.24000000,10480.00000000,10068.50000000,10303.12000000,39835.72760800,0.0
2019-09-10,10302.58000000,10384.99000000,9953.00000000,10098.15000000,28915.41222500,0.0
2019-09-11,10098.19000000,10293.00000000,9880.00000000,10158.33000000,31953.82456200,0.0
2019-09-12,10158.75000000,10448.81000000,10040.00000000,10415.01000000,34511.16275500,0.0
2019-09-13,10415.01000000,10439.00000000,10153.00000000,10342.06000000,30280.33977600,0.0
2019-09-14,10344.13000000,10419.99000000,10222.33000000,10335.02000000,23621.53351900,0.0
2019-09-15,10332.81000000,10360.00000000,10252.15000000,10302.01000000,18047.65401300,0.0
2019-09-16,10303.34000000,10355.00000000,10078.00000000,10251.31000000,28971.40165700,0.0
2019-09-17,10249.68000000,10275.00000000,10128.01000000,10187.82000000,22914.32456300,0.0
2019-09-18,10187.48000000,10258.02000000,10100.00000000,10156.99000000,24250.24930300,0.0
2019-09-19,10156.41000000,10325.00000000,9653.00000000,10244.29000000,44826.28257900,0.0
2019-09-20,10243.70000000,10281.00000000,10061.39000000,10168.59000000,25088.49106900,0.0
2019-09-21,10167.92000000,10176.70000000,9900.00000000,9986.39000000,20544.17519600,0.0
2019-09-22,9985.15000000,10089.00000000,9853.97000000,10028.87000000,22049.27525600,0.0
2019-09-23,10028.05000000,10049.99000000,9615.77000000,9702.25000000,31937.23235600,0.0
2019-09-24,9702.20000000,9794.99000000,7800.00000000,8493.14000000,94007.34520300,0.0
2019-09-25,8497.55000000,8730.00000000,8215.64000000,8430.05000000,60783.89225800,0.0
2019-09-26,8430.05000000,8465.99000000,7750.00000000,8063.73000000,67930.85374900,0.0
2019-09-27,8063.49000000,8265.00000000,7852.15000000,8177.91000000,43882.92462500,0.0
2019-09-28,8177.47000000,8315.00000000,8001.09000000,8198.81000000,34473.60516500,0.0
2019-09-29,8199.38000000,8229.13000000,7890.00000000,8043.82000000,31544.21138800,0.0
2019-09-30,8043.04000000,8337.26000000,7710.00000000,8289.34000000,55865.48726000,0.0
2019-10-01,8289.97000000,8500.00000000,8173.05000000,8292.44000000,43472.41809100,0.0
2019-10-02,8292.67000000,8373.91000000,8151.22000000,8359.94000000,26243.38664400,0.0
2019-10-03,8360.00000000,8393.00000000,8060.00000000,8223.96000000,30488.28405800,0.0
2019-10-04,8224.43000000,8232.41000000,8005.00000000,8137.13000000,26476.33040400,0.0
2019-10-05,8137.09000000,8183.41000000,8012.98000000,8126.19000000,21907.61556400,0.0
2019-10-06,8127.55000000,8153.87000000,7785.00000000,7854.25000000,34676.10404900,0.0
2019-10-07,7855.30000000,8299.92000000,7762.00000000,8190.09000000,52202.07229700,0.0
2019-10-08,8190.82000000,8325.00000000,8088.75000000,8168.39000000,35452.65742300,0.0
2019-10-09,8170.79000000,8670.00000000,8115.00000000,8560.74000000,55038.70437800,0.0
2019-10-10,8562.15000000,8644.00000000,8414.52000000,8558.03000000,39137.94616700,0.0
2019-10-11,8557.82000000,8779.51000000,8212.38000000,8258.50000000,50405.28441800,0.0
2019-10-12,8257.95000000,8400.00000000,8250.00000000,8300.09000000,21339.33409800,0.0
2019-10-13,8301.98000000,8451.37000000,8160.00000000,8275.01000000,27840.73995300,0.0
2019-10-14,8275.24000000,8388.85000000,8203.00000000,8348.20000000,29810.66325300,0.0
2019-10-15,8346.86000000,8403.00000000,8090.00000000,8159.29000000,32773.06247600,0.0
2019-10-16,8159.30000000,8181.16000000,7917.00000000,7991.74000000,34733.59396600,0.0
2019-10-17,7995.02000000,8124.92000000,7929.03000000,8070.58000000,29656.94915800,0.0
2019-10-18,8070.71000000,8115.00000000,7816.01000000,7947.01000000,31353.18141600,0.0
2019-10-19,7946.89000000,8098.10000000,7866.92000000,7948.01000000,26627.88938800,0.0
2019-10-20,7949.87000000,8297.00000000,7870.00000000,8223.35000000,34286.45265400,0.0
2019-10-21,8223.35000000,8333.00000000,8142.03000000,8197.27000000,30448.67953900,0.0
2019-10-22,8197.28000000,8297.99000000,8000.00000000,8020.00000000,34651.82866300,0.0
2019-10-23,8020.06000000,8047.59000000,7300.00000000,7466.62000000,63897.45709800,0.0
2019-10-24,7468.47000000,7503.68000000,7337.99000000,7412.41000000,32714.38326500,0.0
2019-10-25,7412.41000000,8799.00000000,7361.00000000,8655.02000000,90748.21817400,0.0
2019-10-26,8655.88000000,10370.00000000,8470.38000000,9230.00000000,162588.58541300,0.0
2019-10-27,9230.00000000,9794.98000000,9074.34000000,9529.93000000,93833.54160400,0.0
2019-10-28,9528.23000000,9902.10000000,9160.00000000,9205.14000000,80174.21732300,0.0
2019-10-29,9204.45000000,9550.00000000,9072.00000000,9407.62000000,64158.46244600,0.0
2019-10-30,9407.62000000,9409.84000000,9001.01000000,9154.72000000,55241.78643400,0.0
2019-10-31,9154.02000000,9405.00000000,8913.00000000,9140.85000000,54376.02490200,0.0
2019-11-01,9140.86000000,9279.00000000,9030.00000000,9231.61000000,43594.81411500,0.0
2019-11-02,9231.40000000,9373.74000000,9186.21000000,9289.52000000,28923.06082800,0.0
2019-11-03,9289.85000000,9362.57000000,9066.14000000,9194.71000000,27894.37827900,0.0
2019-11-04,9196.46000000,9513.68000000,9115.84000000,9393.35000000,45894.45627700,0.0
2019-11-05,9392.40000000,9454.95000000,9175.76000000,9308.66000000,45935.87366500,0.0
2019-11-06,9307.73000000,9440.91000000,9250.01000000,9339.05000000,37336.17037200,0.0
2019-11-07,9339.16000000,9375.00000000,9101.00000000,9216.20000000,39117.47085300,0.0
2019-11-08,9214.00000000,9261.00000000,8696.00000000,8773.73000000,62107.28924300,0.0
2019-11-09,8773.74000000,8880.00000000,8724.88000000,8809.41000000,29469.48140500,0.0
2019-11-10,8809.18000000,9147.19000000,8750.00000000,9039.47000000,34422.02979700,0.0
2019-11-11,9040.16000000,9072.32000000,8618.68000000,8733.27000000,44888.05354500,0.0
2019-11-12,8733.36000000,8888.00000000,8567.60000000,8821.94000000,40366.62947100,0.0
2019-11-13,8821.91000000,8844.99000000,8702.00000000,8777.12000000,26810.11691800,0.0
2019-11-14,8777.54000000,8800.00000000,8582.60000000,8646.68000000,33468.46896100,0.0
2019-11-15,8646.38000000,8790.00000000,8400.00000000,8471.73000000,46087.41775100,0.0
2019-11-16,8471.62000000,8543.00000000,8400.00000000,8491.02000000,20902.29975200,0.0
2019-11-17,8490.74000000,8635.00000000,8350.68000000,8502.40000000,27009.03708200,0.0
2019-11-18,8502.87000000,8503.52000000,8060.00000000,8187.17000000,43017.69094000,0.0
2019-11-19,8186.50000000,8218.63000000,8003.00000000,8133.64000000,43556.06102500,0.0
2019-11-20,8133.83000000,8264.29000000,8038.40000000,8098.01000000,32466.23098000,0.0
2019-11-21,8098.56000000,8134.73000000,7500.00000000,7627.74000000,58418.78026100,0.0
2019-11-22,7627.79000000,7750.00000000,6790.00000000,7268.23000000,126603.14025900,0.0
2019-11-23,7268.23000000,7344.48000000,7080.01000000,7311.57000000,50449.89475500,0.0
2019-11-24,7311.10000000,7330.39000000,6861.00000000,6903.28000000,67890.20648300,0.0
2019-11-25,6900.23000000,7377.69000000,6515.00000000,7109.57000000,119645.73519700,0.0
2019-11-26,7109.99000000,7340.00000000,7017.48000000,7156.14000000,65722.39769000,0.0
2019-11-27,7154.75000000,7655.00000000,6840.00000000,7508.52000000,92452.87349000,0.0
2019-11-28,7507.90000000,7643.00000000,7360.00000000,7419.49000000,56933.98110900,0.0
2019-11-29,7418.52000000,7850.00000000,7362.30000000,7739.68000000,60745.30087300,0.0
2019-11-30,7740.99000000,7810.00000000,7441.00000000,7541.89000000,46989.43361900,0.0
2019-12-01,7540.63000000,7541.85000000,7210.00000000,7390.89000000,60769.34231300,0.0
2019-12-02,7391.50000000,7420.56000000,7151.10000000,7294.28000000,46330.25604000,0.0
2019-12-03,7294.42000000,7400.00000000,7241.35000000,7292.71000000,33149.47748700,0.0
2019-12-04,7292.71000000,7750.00000000,7067.00000000,7194.32000000,83147.14914200,0.0
2019-12-05,7194.59000000,7485.00000000,7150.00000000,7389.00000000,59306.67885500,0.0
2019-12-06,7389.00000000,7590.03000000,7305.00000000,7527.47000000,48189.08794400,0.0
2019-12-07,7527.80000000,7619.62000000,7470.16000000,7488.21000000,31498.68417300,0.0
2019-12-08,7487.31000000,7564.00000000,7374.86000000,7510.11000000,29856.89763100,0.0
2019-12-09,7510.11000000,7650.00000000,7273.00000000,7338.64000000,46621.88749300,0.0
2019-12-10,7338.64000000,7407.60000000,7157.10000000,7224.13000000,49723.76214000,0.0
2019-12-11,7224.15000000,7275.50000000,7125.66000000,7210.00000000,30093.09194400,0.0
2019-12-12,7210.00000000,7295.00000000,7080.30000000,7198.08000000,42288.60093200,0.0
2019-12-13,7197.76000000,7309.05000000,7190.76000000,7258.48000000,27609.87379500,0.0
2019-12-14,7257.37000000,7271.77000000,7012.00000000,7064.05000000,29561.98596700,0.0
2019-12-15,7064.14000000,7200.30000000,7008.35000000,7118.59000000,26395.77813700,0.0
2019-12-16,7119.60000000,7150.00000000,6836.00000000,6891.72000000,43863.99305900,0.0
2019-12-17,6891.44000000,6942.21000000,6560.00000000,6623.82000000,53865.06992900,0.0
2019-12-18,6623.84000000,7440.00000000,6435.00000000,7277.83000000,95636.65125100,0.0
2019-12-19,7277.83000000,7380.00000000,7038.31000000,7150.30000000,55509.04907500,0.0
2019-12-20,7151.31000000,7220.00000000,7079.50000000,7187.83000000,32132.06920500,0.0
2019-12-21,7188.01000000,7190.58000000,7105.00000000,7132.75000000,19467.17402800,0.0
2019-12-22,7131.59000000,7518.54000000,7122.47000000,7501.44000000,39137.45515000,0.0
2019-12-23,7500.71000000,7695.38000000,7265.84000000,7317.09000000,68051.99720300,0.0
2019-12-24,7317.30000000,7436.68000000,7157.04000000,7255.77000000,43629.49418800,0.0
2019-12-25,7255.77000000,7271.77000000,7128.86000000,7204.63000000,27492.04432300,0.0
2019-12-26,7205.01000000,7435.00000000,7157.12000000,7202.00000000,36259.76107600,0.0
2019-12-27,7202.00000000,7275.86000000,7076.42000000,7254.74000000,33642.70186100,0.0
2019-12-28,7254.77000000,7365.01000000,7238.67000000,7316.14000000,26848.98219900,0.0
2019-12-29,7315.36000000,7528.45000000,7288.00000000,7388.24000000,31387.10608500,0.0
2019-12-30,7388.43000000,7408.24000000,7220.00000000,7246.00000000,29605.91178200,0.0
2019-12-31,7246.00000000,7320.00000000,7145.01000000,7195.23000000,25954.45353300,0.0
2020-01-01,7195.24000000,7255.00000000,7175.15000000,7200.85000000,16792.38816500,0.0
2020-01-02,7200.77000000,7212.50000000,6924.74000000,6965.71000000,31951.48393200,0.0
2020-01-03,6965.49000000,7405.00000000,6871.04000000,7344.96000000,68428.50045100,0.0
2020-01-04,7345.00000000,7404.00000000,7272.21000000,7354.11000000,29987.97497700,0.0
2020-01-05,7354.19000000,7495.00000000,7318.00000000,7358.75000000,38331.08560400,0.0
2020-01-06,7357.64000000,7795.34000000,7346.76000000,7758.00000000,54635.69531600,0.0
2020-01-07,7758.90000000,8207.68000000,7723.71000000,8145.28000000,91171.68466100,0.0
2020-01-08,8145.92000000,8455.00000000,7870.00000000,8055.98000000,112622.64264000,0.0
2020-01-09,8054.72000000,8055.96000000,7750.00000000,7817.76000000,64239.51983000,0.0
2020-01-10,7817.74000000,8199.00000000,7672.00000000,8197.02000000,82406.77744800,0.0
2020-01-11,8198.86000000,8286.34000000,8003.16000000,8020.01000000,54810.03266700,0.0
2020-01-12,8020.01000000,8197.00000000,7960.00000000,8184.98000000,38131.49433600,0.0
2020-01-13,8184.97000000,8196.00000000,8055.89000000,8110.34000000,31159.75568300,0.0
2020-01-14,8110.34000000,8880.00000000,8105.54000000,8810.01000000,120399.12674200,0.0
2020-01-15,8814.64000000,8916.48000000,8564.00000000,8821.41000000,84816.29760600,0.0
2020-01-16,8820.01000000,8859.81000000,8586.00000000,8720.01000000,51991.07428400,0.0
2020-01-17,8720.15000000,9041.65000000,8672.44000000,8913.28000000,70897.73737700,0.0
2020-01-18,8913.27000000,8988.88000000,8806.38000000,8915.96000000,38294.74654500,0.0
2020-01-19,8915.09000000,9198.98000000,8466.00000000,8701.70000000,70676.88925900,0.0
2020-01-20,8701.72000000,8746.99000000,8521.28000000,8642.35000000,38896.63974600,0.0
2020-01-21,8642.35000000,8789.00000000,8488.00000000,8736.03000000,36494.68765900,0.0
2020-01-22,8736.04000000,8818.00000000,8590.00000000,8682.36000000,29080.55713800,0.0
2020-01-23,8682.77000000,8691.81000000,8306.39000000,8404.52000000,48165.94459700,0.0
2020-01-24,8404.52000000,8528.02000000,8238.00000000,8439.00000000,41687.52952900,0.0
2020-01-25,8438.99000000,8451.26000000,8254.90000000,8340.58000000,25521.15793200,0.0
2020-01-26,8340.01000000,8618.13000000,8293.66000000,8615.00000000,31130.48516400,0.0
2020-01-27,8614.39000000,9000.00000000,8535.00000000,8907.57000000,53973.54299600,0.0
2020-01-28,8907.57000000,9400.00000000,8862.40000000,9374.21000000,74584.85376500,0.0
2020-01-29,9375.34000000,9449.24000000,9216.00000000,9301.53000000,53864.06512200,0.0
2020-01-30,9301.57000000,9578.00000000,9204.44000000,9513.21000000,60626.74425900,0.0
2020-01-31,9511.52000000,9530.22000000,9210.01000000,9352.89000000,45552.02235200,0.0
2020-02-01,9351.71000000,9464.53000000,9281.00000000,9384.61000000,28578.06735400,0.0
2020-02-02,9384.41000000,9477.03000000,9120.00000000,9331.51000000,45690.91254000,0.0
2020-02-03,9331.59000000,9618.79000000,9234.00000000,9292.24000000,50892.13345100,0.0
2020-02-04,9291.35000000,9350.00000000,9093.01000000,9197.02000000,53308.17526600,0.0
2020-02-05,9197.02000000,9744.45000000,9177.22000000,9612.04000000,64870.41561500,0.0
2020-02-06,9612.03000000,9862.57000000,9526.35000000,9772.00000000,64949.70658800,0.0
2020-02-07,9772.00000000,9885.00000000,9730.00000000,9813.73000000,43966.11463200,0.0
2020-02-08,9813.87000000,9940.00000000,9667.11000000,9895.05000000,43600.84366600,0.0
2020-02-09,9895.04000000,10166.00000000,9880.75000000,10151.75000000,43408.47561600,0.0
2020-02-10,10151.72000000,10188.00000000,9756.00000000,9851.83000000,59573.08461900,0.0
2020-02-11,9851.74000000,10323.59000000,9700.00000000,10223.08000000,62422.39522400,0.0
2020-02-12,10223.08000000,10450.00000000,10223.08000000,10326.46000000,61008.06393000,0.0
2020-02-13,10325.33000000,10500.00000000,10080.00000000,10229.63000000,79344.35875900,0.0
2020-02-14,10227.78000000,10381.56000000,10111.37000000,10344.36000000,47038.48017300,0.0
2020-02-15,10344.36000000,10375.00000000,9801.00000000,9904.72000000,57657.20294700,0.0
2020-02-16,9904.46000000,10050.00000000,9638.12000000,9917.27000000,60023.99953700,0.0
2020-02-17,9910.70000000,9964.16000000,9452.67000000,9706.00000000,70261.01190100,0.0
2020-02-18,9706.00000000,10250.00000000,9576.01000000,10164.71000000,70604.12401900,0.0
2020-02-19,10164.78000000,10250.00000000,9350.00000000,9593.79000000,55162.58689500,0.0
2020-02-20,9594.65000000,9699.00000000,9400.00000000,9596.42000000,60152.34291400,0.0
2020-02-21,9597.21000000,9755.51000000,9550.21000000,9677.05000000,42181.55452400,0.0
2020-02-22,9677.05000000,9709.17000000,9560.02000000,9650.86000000,24636.75762300,0.0
2020-02-23,9650.85000000,9990.00000000,9645.00000000,9936.40000000,37702.08984300,0.0
2020-02-24,9936.40000000,9990.00000000,9473.56000000,9656.13000000,55796.59612000,0.0
2020-02-25,9655.52000000,9675.00000000,9250.00000000,9315.84000000,54379.34455200,0.0
2020-02-26,9316.48000000,9377.44000000,8633.63000000,8785.25000000,92130.34548200,0.0
2020-02-27,8786.00000000,8971.77000000,8531.00000000,8823.21000000,72483.57876200,0.0
2020-02-28,8823.25000000,8900.00000000,8445.00000000,8692.91000000,71155.20897700,0.0
2020-02-29,8690.80000000,8790.00000000,8523.55000000,8523.61000000,36748.18303500,0.0
2020-03-01,8523.61000000,8750.00000000,8411.00000000,8531.88000000,43892.20177900,0.0
2020-03-02,8530.30000000,8965.75000000,8498.00000000,8915.24000000,60401.31773000,0.0
2020-03-03,8911.18000000,8919.65000000,8651.00000000,8760.07000000,55154.99728200,0.0
2020-03-04,8760.07000000,8848.29000000,8660.00000000,8750.87000000,38696.48257800,0.0
2020-03-05,8750.99000000,9159.42000000,8746.54000000,9054.68000000,58201.86635500,0.0
2020-03-06,9054.64000000,9170.00000000,8985.50000000,9131.88000000,43782.94804400,0.0
2020-03-07,9130.89000000,9188.00000000,8835.00000000,8886.66000000,45422.20452500,0.0
2020-03-08,8885.25000000,8886.76000000,8000.00000000,8033.31000000,77537.31516600,0.0
2020-03-09,8034.76000000,8179.31000000,7632.01000000,7929.87000000,116968.86326800,0.0
2020-03-10,7929.87000000,8149.00000000,7728.01000000,7894.56000000,86783.44387500,0.0
2020-03-11,7894.57000000,7980.00000000,7590.00000000,7934.52000000,79942.41117200,0.0
2020-03-12,7934.58000000,7966.17000000,4410.00000000,4800.00000000,261505.60865300,0.0
2020-03-13,4800.01000000,5955.00000000,3782.13000000,5578.60000000,402201.67376400,0.0
2020-03-14,5576.05000000,5640.52000000,5055.13000000,5172.06000000,136910.13597400,0.0
2020-03-15,5172.48000000,5940.00000000,5093.10000000,5361.30000000,139916.14653400,0.0
2020-03-16,5360.33000000,5365.42000000,4442.12000000,5028.97000000,227276.92276000,0.0
2020-03-17,5028.86000000,5525.00000000,4921.45000000,5312.64000000,150089.92631800,0.0
2020-03-18,5312.64000000,5436.17000000,5009.37000000,5393.04000000,137127.63489400,0.0
2020-03-19,5393.26000000,6400.00000000,5252.53000000,6162.37000000,199020.87343900,0.0
2020-03-20,6162.05000000,6900.00000000,5670.00000000,6208.36000000,219298.32951400,0.0
2020-03-21,6204.57000000,6456.98000000,5860.02000000,6186.98000000,128913.66836300,0.0
2020-03-22,6187.04000000,6407.87000000,5734.01000000,5816.19000000,119115.99052700,0.0
2020-03-23,5816.05000000,6600.00000000,5688.00000000,6467.31000000,164674.21578500,0.0
2020-03-24,6465.25000000,6833.00000000,6371.33000000,6744.72000000,151138.00987800,0.0
2020-03-25,6744.69000000,6957.96000000,6450.00000000,6677.43000000,132155.73498900,0.0
2020-03-26,6677.42000000,6780.00000000,6510.00000000,6737.36000000,83026.55521100,0.0
2020-03-27,6737.27000000,6842.59000000,6261.00000000,6359.11000000,82914.96835400,0.0
2020-03-28,6359.11000000,6360.00000000,6024.00000000,6236.65000000,93159.69342900,0.0
2020-03-29,6236.65000000,6266.00000000,5866.56000000,5881.42000000,63311.62771400,0.0
2020-03-30,5880.50000000,6599.00000000,5857.76000000,6394.38000000,118889.54999200,0.0
2020-03-31,6394.45000000,6523.23000000,6321.40000000,6410.44000000,72337.59525900,0.0
2020-04-01,6412.14000000,6679.94000000,6150.11000000,6642.92000000,97500.75240000,0.0
2020-04-02,6643.36000000,7198.00000000,6551.00000000,6794.09000000,149299.90687100,0.0
2020-04-03,6793.86000000,7048.00000000,6602.10000000,6734.10000000,104080.27693900,0.0
2020-04-04,6732.97000000,6990.41000000,6650.01000000,6856.99000000,72990.86113900,0.0
2020-04-05,6857.41000000,6895.54000000,6677.52000000,6772.78000000,49685.35698300,0.0
2020-04-06,6772.78000000,7355.14000000,6765.00000000,7329.90000000,118052.00083200,0.0
2020-04-07,7329.90000000,7459.69000000,7077.00000000,7197.32000000,103585.16891800,0.0
2020-04-08,7197.32000000,7420.00000000,7150.00000000,7361.28000000,76059.14583800,0.0
2020-04-09,7360.26000000,7371.92000000,7108.08000000,7283.54000000,61094.87241700,0.0
2020-04-10,7283.54000000,7295.75000000,6739.98000000,6858.92000000,104674.62337500,0.0
2020-04-11,6858.92000000,6944.30000000,6760.00000000,6876.83000000,45470.29320600,0.0
2020-04-12,6876.84000000,7177.00000000,6780.00000000,6903.79000000,73868.66650100,0.0
2020-04-13,6903.79000000,6903.79000000,6575.00000000,6837.91000000,96415.47657300,0.0
2020-04-14,6838.04000000,6978.00000000,6754.28000000,6868.70000000,69068.62328500,0.0
2020-04-15,6868.57000000,6933.00000000,6605.00000000,6621.24000000,61571.38499400,0.0
2020-04-16,6621.25000000,7190.00000000,6468.27000000,7101.94000000,125009.85753900,0.0
2020-04-17,7101.99000000,7148.12000000,6972.98000000,7027.55000000,54126.50976300,0.0
2020-04-18,7026.78000000,7293.08000000,7014.40000000,7248.60000000,49488.54281900,0.0
2020-04-19,7248.60000000,7266.15000000,7055.60000000,7120.74000000,45664.86393000,0.0
2020-04-20,7121.40000000,7220.00000000,6751.00000000,6826.83000000,90149.49137000,0.0
2020-04-21,6828.98000000,6940.00000000,6762.00000000,6841.37000000,60109.71080800,0.0
2020-04-22,6841.36000000,7156.38000000,6818.00000000,7125.14000000,61486.37733400,0.0
2020-04-23,7125.12000000,7738.00000000,7020.00000000,7482.39000000,102773.56956100,0.0
2020-04-24,7483.96000000,7615.96000000,7388.00000000,7505.00000000,60182.11993900,0.0
2020-04-25,7505.00000000,7705.00000000,7431.07000000,7538.67000000,43874.42772600,0.0
2020-04-26,7539.03000000,7700.00000000,7480.00000000,7693.10000000,50522.61620900,0.0
2020-04-27,7693.10000000,7792.02000000,7606.00000000,7774.62000000,65441.33957600,0.0
2020-04-28,7773.51000000,7780.00000000,7659.12000000,7738.98000000,46302.75263800,0.0
2020-04-29,7738.58000000,8952.89000000,7710.05000000,8778.57000000,183546.88751400,0.0
2020-04-30,8778.58000000,9460.00000000,8401.00000000,8620.00000000,206277.21412400,0.0
2020-05-01,8620.00000000,9059.18000000,8613.56000000,8826.96000000,91468.81505900,0.0
2020-05-02,8825.67000000,9010.00000000,8753.00000000,8972.05000000,59002.08755000,0.0
2020-05-03,8972.58000000,9200.00000000,8712.00000000,8894.16000000,90126.06564300,0.0
2020-05-04,8894.15000000,8950.00000000,8522.00000000,8871.96000000,84418.51233100,0.0
2020-05-05,8871.92000000,9118.58000000,8760.00000000,9021.83000000,76480.76534200,0.0
2020-05-06,9021.36000000,9395.00000000,8906.21000000,9142.92000000,105925.30242000,0.0
2020-05-07,9143.40000000,10067.00000000,9021.00000000,9986.40000000,147154.61137800,0.0
2020-05-08,9986.30000000,10035.96000000,9705.00000000,9800.01000000,100683.79640000,0.0
2020-05-09,9800.02000000,9914.25000000,9520.00000000,9539.40000000,81950.67956700,0.0
2020-05-10,9539.10000000,9574.83000000,8117.00000000,8722.77000000,183865.18202800,0.0
2020-05-11,8722.77000000,9168.00000000,8200.00000000,8561.52000000,168807.25183200,0.0
2020-05-12,8562.04000000,8978.26000000,8528.78000000,8810.79000000,86522.78006600,0.0
2020-05-13,8810.99000000,9398.00000000,8792.99000000,9309.37000000,92466.27401800,0.0
2020-05-14,9309.35000000,9939.00000000,9256.76000000,9791.98000000,129565.37747000,0.0
2020-05-15,9791.97000000,9845.62000000,9150.00000000,9316.42000000,115890.76151600,0.0
2020-05-16,9315.96000000,9588.00000000,9220.00000000,9381.27000000,59587.62786200,0.0
2020-05-17,9380.81000000,9888.00000000,9322.10000000,9680.04000000,68647.76432300,0.0
2020-05-18,9681.11000000,9950.00000000,9464.23000000,9733.93000000,82006.60358300,0.0
2020-05-19,9733.93000000,9897.21000000,9474.00000000,9775.53000000,78539.76045400,0.0
2020-05-20,9775.13000000,9842.00000000,9326.00000000,9511.43000000,74923.73809000,0.0
2020-05-21,9511.43000000,9578.47000000,8815.00000000,9068.65000000,108928.78096900,0.0
2020-05-22,9067.51000000,9271.00000000,8933.52000000,9170.00000000,58943.13102400,0.0
2020-05-23,9170.00000000,9307.85000000,9070.00000000,9179.15000000,43526.29696600,0.0
2020-05-24,9179.01000000,9298.00000000,8700.00000000,8720.34000000,70379.86645000,0.0
2020-05-25,8718.14000000,8979.66000000,8642.72000000,8900.35000000,62833.91094900,0.0
2020-05-26,8900.35000000,9017.67000000,8700.00000000,8841.18000000,58299.77013800,0.0
2020-05-27,8841.00000000,9225.00000000,8811.73000000,9204.07000000,68910.35551400,0.0
2020-05-28,9204.07000000,9625.47000000,9110.00000000,9575.89000000,74110.78766200,0.0
2020-05-29,9575.87000000,9605.26000000,9330.00000000,9427.07000000,57374.36296100,0.0
2020-05-30,9426.60000000,9740.00000000,9331.23000000,9697.72000000,55665.27254000,0.0
2020-05-31,9697.72000000,9700.00000000,9381.41000000,9448.27000000,48333.78640300,0.0
2020-06-01,9448.27000000,10380.00000000,9421.67000000,10200.77000000,76649.12696000,0.0
2020-06-02,10202.71000000,10228.99000000,9266.00000000,9518.04000000,108970.77315100,0.0
2020-06-03,9518.02000000,9690.00000000,9365.21000000,9666.24000000,46252.64493900,0.0
2020-06-04,9666.32000000,9881.63000000,9450.00000000,9789.06000000,57456.10096900,0.0
2020-06-05,9788.14000000,9854.75000000,9581.00000000,9621.16000000,47788.05005000,0.0
2020-06-06,9621.17000000,9735.00000000,9531.05000000,9666.30000000,32752.95089300,0.0
2020-06-07,9666.85000000,9802.00000000,9372.46000000,9746.99000000,57952.84838500,0.0
2020-06-08,9746.99000000,9800.00000000,9633.00000000,9782.01000000,40664.66412500,0.0
2020-06-09,9782.00000000,9877.00000000,9570.00000000,9772.43000000,46024.00128900,0.0
2020-06-10,9772.44000000,9992.72000000,9704.18000000,9885.00000000,47130.76298200,0.0
2020-06-11,9885.22000000,9964.00000000,9113.00000000,9280.40000000,94418.98473000,0.0
2020-06-12,9278.88000000,9557.12000000,9232.51000000,9465.13000000,50119.06693200,0.0
2020-06-13,9464.96000000,9494.73000000,9351.00000000,9473.34000000,27759.78485100,0.0
2020-06-14,9473.34000000,9480.99000000,9245.00000000,9342.10000000,30055.50660800,0.0
2020-06-15,9342.10000000,9495.00000000,8910.45000000,9426.02000000,86107.92470700,0.0
2020-06-16,9426.05000000,9589.00000000,9373.09000000,9525.59000000,52052.44692700,0.0
2020-06-17,9526.97000000,9565.00000000,9236.61000000,9465.14000000,48046.41115200,0.0
2020-06-18,9465.13000000,9489.00000000,9280.00000000,9386.32000000,37381.95376500,0.0
2020-06-19,9386.32000000,9438.30000000,9215.79000000,9310.23000000,45330.98367300,0.0
2020-06-20,9310.23000000,9395.00000000,9170.95000000,9358.95000000,30329.06538400,0.0
2020-06-21,9358.95000000,9422.00000000,9281.54000000,9294.69000000,24316.92623400,0.0
2020-06-22,9294.69000000,9780.00000000,9277.09000000,9685.69000000,57895.46834300,0.0
2020-06-23,9685.69000000,9720.00000000,9577.03000000,9624.89000000,41031.02938000,0.0
2020-06-24,9624.33000000,9670.00000000,9208.00000000,9296.49000000,61571.56146400,0.0
2020-06-25,9298.33000000,9340.00000000,9009.69000000,9249.49000000,55831.61915600,0.0
2020-06-26,9249.49000000,9298.00000000,9045.45000000,9162.21000000,50292.29827700,0.0
2020-06-27,9162.21000000,9196.24000000,8833.00000000,9012.00000000,46290.93011300,0.0
2020-06-28,9012.00000000,9191.00000000,8948.06000000,9116.35000000,30688.17642100,0.0
2020-06-29,9116.16000000,9238.00000000,9024.67000000,9192.56000000,42120.29326100,0.0
2020-06-30,9192.93000000,9205.00000000,9064.89000000,9138.55000000,31463.16280100,0.0
2020-07-01,9138.08000000,9292.00000000,9080.10000000,9232.00000000,38488.52869900,0.0
2020-07-02,9231.99000000,9261.96000000,8940.00000000,9086.54000000,45725.16807600,0.0
2020-07-03,9086.54000000,9125.00000000,9037.47000000,9058.26000000,28943.42017700,0.0
2020-07-04,9057.79000000,9190.00000000,9040.04000000,9135.46000000,26441.96848400,0.0
2020-07-05,9135.00000000,9145.24000000,8893.03000000,9069.41000000,34073.65362700,0.0
2020-07-06,9069.41000000,9375.00000000,9055.92000000,9344.20000000,54463.13227700,0.0
2020-07-07,9342.47000000,9379.42000000,9203.00000000,9257.39000000,34587.33667800,0.0
2020-07-08,9257.40000000,9470.00000000,9231.00000000,9436.06000000,56140.51778100,0.0
2020-07-09,9436.06000000,9440.79000000,9160.00000000,9232.43000000,48044.45064500,0.0
2020-07-10,9232.42000000,9317.48000000,9125.00000000,9288.34000000,38295.49400600,0.0
2020-07-11,9288.34000000,9299.28000000,9178.25000000,9234.03000000,22561.36600000,0.0
2020-07-12,9234.02000000,9345.00000000,9157.50000000,9302.75000000,30872.70228600,0.0
2020-07-13,9303.31000000,9343.82000000,9200.89000000,9242.62000000,42740.06911500,0.0
2020-07-14,9242.61000000,9279.54000000,9113.00000000,9255.85000000,45772.55250900,0.0
2020-07-15,9255.85000000,9276.49000000,9160.57000000,9197.60000000,39053.57966500,0.0
2020-07-16,9197.60000000,9226.15000000,9047.25000000,9133.72000000,43375.57119100,0.0
2020-07-17,9133.72000000,9186.83000000,9089.81000000,9154.32000000,28054.35874100,0.0
2020-07-18,9154.31000000,9219.30000000,9121.10000000,9170.28000000,22554.54145700,0.0
2020-07-19,9170.30000000,9232.27000000,9101.35000000,9208.99000000,26052.01941700,0.0
2020-07-20,9208.99000000,9221.52000000,9131.00000000,9160.78000000,35458.76408200,0.0
2020-07-21,9160.78000000,9437.73000000,9152.80000000,9390.00000000,60413.58248600,0.0
2020-07-22,9390.00000000,9544.00000000,9261.00000000,9518.16000000,48815.00410700,0.0
2020-07-23,9518.16000000,9664.00000000,9440.33000000,9603.27000000,51856.23350000,0.0
2020-07-24,9603.27000000,9637.00000000,9463.44000000,9537.80000000,43931.13620500,0.0
2020-07-25,9538.10000000,9732.90000000,9513.00000000,9700.42000000,40679.54541600,0.0
2020-07-26,9700.42000000,10111.00000000,9650.00000000,9931.54000000,65279.26931900,0.0
2020-07-27,9931.54000000,11394.86000000,9917.21000000,11029.96000000,150188.93314400,0.0
2020-07-28,11029.96000000,11242.23000000,10565.00000000,10906.27000000,97267.73418700,0.0
2020-07-29,10906.27000000,11342.82000000,10812.00000000,11100.53000000,76838.09423300,0.0
2020-07-30,11100.52000000,11170.00000000,10831.00000000,11099.61000000,60794.82645600,0.0
2020-07-31,11099.79000000,11444.00000000,10960.00000000,11335.46000000,70063.66097400,0.0
2020-08-01,11335.46000000,11861.00000000,11220.00000000,11801.17000000,85087.48512600,0.0
2020-08-02,11801.17000000,12123.46000000,10518.50000000,11071.35000000,97553.07760400,0.0
2020-08-03,11071.36000000,11473.00000000,10936.00000000,11219.81000000,56931.84147500,0.0
2020-08-04,11219.68000000,11414.98000000,11000.00000000,11191.97000000,58629.11370900,0.0
2020-08-05,11191.99000000,11780.93000000,11093.00000000,11744.91000000,74970.25685200,0.0
2020-08-06,11744.91000000,11900.00000000,11562.50000000,11762.46000000,63529.08502000,0.0
2020-08-07,11762.47000000,11909.94000000,11322.00000000,11594.23000000,65755.92602200,0.0
2020-08-08,11594.36000000,11808.27000000,11512.00000000,11761.41000000,41858.16104000,0.0
2020-08-09,11761.02000000,11797.11000000,11521.97000000,11681.68000000,41493.06734200,0.0
2020-08-10,11681.69000000,12067.35000000,11450.00000000,11892.92000000,84952.33788700,0.0
2020-08-11,11892.90000000,11935.00000000,11125.00000000,11392.08000000,90748.28463400,0.0
2020-08-12,11392.09000000,11617.52000000,11150.00000000,11564.33000000,64909.61364400,0.0
2020-08-13,11564.34000000,11792.96000000,11270.36000000,11780.00000000,70132.49150200,0.0
2020-08-14,11779.77000000,11850.00000000,11634.03000000,11760.54000000,59818.85269700,0.0
2020-08-15,11760.55000000,11980.00000000,11680.00000000,11852.40000000,56237.90505000,0.0
2020-08-16,11852.40000000,11931.72000000,11686.00000000,11911.00000000,41368.23690600,0.0
2020-08-17,11910.99000000,12468.00000000,11769.78000000,12281.13000000,84734.21154000,0.0
2020-08-18,12281.15000000,12387.77000000,11817.93000000,11945.01000000,75923.83552700,0.0
2020-08-19,11945.10000000,12020.08000000,11561.00000000,11754.59000000,73940.16960600,0.0
2020-08-20,11754.38000000,11888.00000000,11668.00000000,11853.55000000,46085.25435100,0.0
2020-08-21,11853.54000000,11878.00000000,11485.81000000,11531.34000000,64448.30614200,0.0
2020-08-22,11531.23000000,11686.00000000,11376.81000000,11662.96000000,43678.70164600,0.0
2020-08-23,11663.51000000,11718.07000000,11514.13000000,11648.13000000,37900.00469000,0.0
2020-08-24,11648.12000000,11824.90000000,11585.09000000,11748.20000000,46212.39186700,0.0
2020-08-25,11748.19000000,11767.85000000,11117.64000000,11318.42000000,69590.92327200,0.0
2020-08-26,11318.42000000,11539.32000000,11244.00000000,11461.43000000,53998.23123100,0.0
2020-08-27,11461.42000000,11592.20000000,11125.00000000,11330.38000000,63246.03638300,0.0
2020-08-28,11330.38000000,11542.65000000,11276.89000000,11526.91000000,45953.90836500,0.0
2020-08-29,11526.90000000,11580.02000000,11417.04000000,11465.84000000,32973.79920000,0.0
2020-08-30,11465.84000000,11719.00000000,11458.00000000,11711.16000000,43177.87905400,0.0
2020-08-31,11711.17000000,11800.77000000,11570.00000000,11649.51000000,55353.61774400,0.0
2020-09-01,11649.51000000,12050.85000000,11515.00000000,11921.97000000,78148.19366800,0.0
2020-09-02,11921.97000000,11954.57000000,11160.10000000,11388.54000000,87221.84560200,0.0
2020-09-03,11388.54000000,11462.60000000,9960.80000000,10140.85000000,121950.10601500,0.0
2020-09-04,10138.29000000,10627.05000000,9875.50000000,10446.25000000,92733.59911300,0.0
2020-09-05,10446.25000000,10565.68000000,9825.00000000,10166.69000000,90001.60556800,0.0
2020-09-06,10166.69000000,10347.14000000,9994.86000000,10256.20000000,56368.78881500,0.0
2020-09-07,10255.89000000,10410.75000000,9875.00000000,10373.44000000,62620.23067600,0.0
2020-09-08,10373.45000000,10438.00000000,9850.00000000,10126.65000000,73491.87841800,0.0
2020-09-09,10126.66000000,10343.00000000,9981.01000000,10219.20000000,49347.11377600,0.0
2020-09-10,10219.29000000,10483.35000000,10070.83000000,10336.87000000,58253.75375000,0.0
2020-09-11,10336.86000000,10397.60000000,10200.00000000,10387.89000000,43830.25446700,0.0
2020-09-12,10387.89000000,10477.97000000,10269.25000000,10440.92000000,35379.15309600,0.0
2020-09-13,10440.67000000,10580.11000000,10200.00000000,10332.83000000,43837.60986500,0.0
2020-09-14,10332.84000000,10750.00000000,10212.34000000,10671.77000000,67059.29136100,0.0
2020-09-15,10671.77000000,10930.04000000,10606.48000000,10785.31000000,61822.45278600,0.0
2020-09-16,10785.23000000,11093.00000000,10661.22000000,10954.01000000,64991.51244000,0.0
2020-09-17,10954.01000000,11045.46000000,10745.83000000,10939.99000000,55601.61452900,0.0
2020-09-18,10940.00000000,11038.03000000,10870.01000000,10884.26000000,29879.46485200,0.0
